-- Create DataBase
Create Database BankManagement

-- Use DataBase
Use BankManagement

-- Create Customer Table
Create Table Customer
(
CustomerID int not null identity(1,1),
FirstName varchar(50) not null,
LastName  varchar(50) not null,
DateOfBirth datetime,
PhoneNumber int,
Email varchar(50),
Address varchar(100)
)

-- Retreive All Data From Customer
Select * from Customer

-- Insert Data into Customer
INSERT INTO Customer 
VALUES ('Ali', 'Zeb',03-29-1996,0333333333,'abc1@gmail.com','Swabi kpk')
VALUES ('Sahal', 'Zeb',12-16-2020,0222222222,'abc2@gmail.com','Swabi kpk')

-- Update Data incustomer Table
update Customer
set phonenumber = 03444563234
where CustomerID = 2

-- Alter / Change Data in Table
alter table Customer
alter column PhoneNumber varchar(11)

-- Delete All data in Customer
Truncate table customer

-- Add Primery key to Customer Table
alter table Customer
add CONSTRAINT P_key primary key (CustomerID)

-- Create Account Table
Create Table Account
(
AccountID int not null primary key identity(1,1),
CustomerID int foreign key references Customer(CustomerID)  not null,
AccountType varchar(50) not null,
Balance int,
DateOpened date,
Status varchar(50)
)

Select * from Account

-- Craete Transaction Table
Create table Transactions
(
TransactionID int primary key not null identity (1,1),
AccountID int not null foreign key references Account(AccountID),
TransactionDate date,
TransactionType varchar(15),
Amount int not null,
BalanceAfterTransaction int not null
)

Select * from Transactions

-- Craete Employees Table 
create table Employees
(
EmployeeID int not null primary key identity (1,1),
FullName varchar(50) not null,
Role Varchar(50)not null,
)

Select * from Employees

-- Create Profitability Table 
Create Table Profitability
(
AccountID int not null foreign key references Account(AccountID),
NetProfit int,
TransactionVolume int,
InterestEarned int,
FeesCollected int
)

-- Insert Data Into Employees Table
INSERT INTO Customer (FirstName, LastName, DateOfBirth, PhoneNumber, Email, Address) VALUES
('Liam', 'Hall', '1969-01-01', '1234567112', 'liam.hall@example.com', '692 Random Street, City'),
('Liam', 'Hall', '1966-07-04', '1234567871', 'liam.hall@example.com', '644 Random Street, City'),
('Mia', 'White', '1988-03-25', '1234567392', 'mia.white@example.com', '411 Random Street, City'),
('William', 'Martin', '1980-05-01', '1234567575', 'william.martin@example.com', '10 Random Street, City'),
('Isabella', 'Walker', '1966-02-22', '1234567773', 'isabella.walker@example.com', '716 Random Street, City'),
('Sophia', 'Jackson', '1965-12-23', '1234567379', 'sophia.jackson@example.com', '680 Random Street, City'),
('Amelia', 'Garcia', '1982-05-20', '1234567150', 'amelia.garcia@example.com', '597 Random Street, City'),
('Emily', 'Thompson', '1963-06-15', '1234567413', 'emily.thompson@example.com', '132 Random Street, City'),
('Henry', 'Lee', '1977-10-14', '1234567339', 'henry.lee@example.com', '288 Random Street, City'),
('Henry', 'Thomas', '1994-11-07', '1234567813', 'henry.thomas@example.com', '988 Random Street, City'),
('Liam', 'Anderson', '1998-01-10', '1234567382', 'liam.anderson@example.com', '223 Random Street, City'),
('Mia', 'Garcia', '1999-06-12', '1234567454', 'mia.garcia@example.com', '78 Random Street, City'),
('William', 'Jackson', '2000-03-01', '1234567162', 'william.jackson@example.com', '765 Random Street, City'),
('Henry', 'Thompson', '1961-01-03', '1234567937', 'henry.thompson@example.com', '893 Random Street, City'),
('Henry', 'Rodriguez', '1989-08-01', '1234567934', 'henry.rodriguez@example.com', '503 Random Street, City'),
('Liam', 'Jackson', '1980-03-27', '1234567657', 'liam.jackson@example.com', '737 Random Street, City'),
('Isabella', 'Clark', '1988-02-28', '1234567257', 'isabella.clark@example.com', '642 Random Street, City'),
('Henry', 'Jackson', '1977-02-21', '1234567177', 'henry.jackson@example.com', '921 Random Street, City'),
('William', 'Harris', '1981-11-04', '1234567986', 'william.harris@example.com', '739 Random Street, City'),
('Benjamin', 'Rodriguez', '1997-03-25', '1234567453', 'benjamin.rodriguez@example.com', '385 Random Street, City'),
('Lucas', 'Johnson', '2002-01-01', '1234567942', 'lucas.johnson@example.com', '69 Random Street, City'),
('Sophia', 'Garcia', '1986-06-18', '1234567868', 'sophia.garcia@example.com', '880 Random Street, City'),
('Benjamin', 'Rodriguez', '1977-01-17', '1234567222', 'benjamin.rodriguez@example.com', '586 Random Street, City'),
('Olivia', 'White', '1983-06-03', '1234567408', 'olivia.white@example.com', '524 Random Street, City'),
('Benjamin', 'Harris', '2001-04-10', '1234567973', 'benjamin.harris@example.com', '364 Random Street, City'),
('Michael', 'Martin', '1979-07-21', '1234567763', 'michael.martin@example.com', '180 Random Street, City'),
('Robert', 'Lee', '2002-04-08', '1234567168', 'robert.lee@example.com', '712 Random Street, City'),
('Lucas', 'Hall', '1978-08-23', '1234567413', 'lucas.hall@example.com', '70 Random Street, City'),
('Henry', 'Clark', '1972-12-10', '1234567701', 'henry.clark@example.com', '647 Random Street, City'),
('William', 'Smith', '1993-12-21', '1234567825', 'william.smith@example.com', '671 Random Street, City'),
('Benjamin', 'Thompson', '1995-04-16', '1234567624', 'benjamin.thompson@example.com', '376 Random Street, City'),
('Liam', 'Anderson', '1988-09-19', '1234567355', 'liam.anderson@example.com', '978 Random Street, City'),
('William', 'Lewis', '2003-03-04', '1234567920', 'william.lewis@example.com', '72 Random Street, City'),
('Mia', 'Jackson', '1986-07-09', '1234567363', 'mia.jackson@example.com', '909 Random Street, City'),
('Ava', 'Smith', '1992-09-27', '1234567397', 'ava.smith@example.com', '959 Random Street, City'),
('Ava', 'Martinez', '1980-04-10', '1234567430', 'ava.martinez@example.com', '532 Random Street, City'),
('Charlotte', 'Lewis', '1962-04-06', '1234567198', 'charlotte.lewis@example.com', '240 Random Street, City'),
('Sophia', 'Jackson', '2000-04-21', '1234567579', 'sophia.jackson@example.com', '96 Random Street, City'),
('Ava', 'Garcia', '1990-07-13', '1234567953', 'ava.garcia@example.com', '945 Random Street, City'),
('Michael', 'Anderson', '1976-02-20', '1234567609', 'michael.anderson@example.com', '351 Random Street, City'),
('Henry', 'Smith', '1992-09-13', '1234567646', 'henry.smith@example.com', '292 Random Street, City'),
('Henry', 'Anderson', '1969-08-01', '1234567293', 'henry.anderson@example.com', '937 Random Street, City'),
('Isabella', 'Brown', '1995-04-02', '1234567665', 'isabella.brown@example.com', '611 Random Street, City'),
('Noah', 'Rodriguez', '1994-08-28', '1234567661', 'noah.rodriguez@example.com', '136 Random Street, City'),
('Michael', 'Brown', '1971-02-28', '1234567552', 'michael.brown@example.com', '594 Random Street, City'),
('Emily', 'Brown', '1979-12-03', '1234567655', 'emily.brown@example.com', '869 Random Street, City'),
('Noah', 'Rodriguez', '1968-04-20', '1234567185', 'noah.rodriguez@example.com', '580 Random Street, City'),
('Henry', 'Anderson', '1962-02-17', '1234567743', 'henry.anderson@example.com', '596 Random Street, City'),
('Robert', 'Harris', '1962-05-19', '1234567485', 'robert.harris@example.com', '182 Random Street, City'),
('John', 'Martin', '1971-02-10', '1234567198', 'john.martin@example.com', '751 Random Street, City'),
('Lucas', 'Harris', '1987-12-25', '1234567965', 'lucas.harris@example.com', '663 Random Street, City'),
('Charlotte', 'Brown', '1997-01-21', '1234567514', 'charlotte.brown@example.com', '996 Random Street, City'),
('Robert', 'Thomas', '1976-12-19', '1234567678', 'robert.thomas@example.com', '355 Random Street, City'),
('Amelia', 'Martin', '2004-10-21', '1234567278', 'amelia.martin@example.com', '764 Random Street, City'),
('Harper', 'Martinez', '1985-02-27', '1234567563', 'harper.martinez@example.com', '481 Random Street, City'),
('Charlotte', 'Lee', '1997-08-08', '1234567845', 'charlotte.lee@example.com', '276 Random Street, City'),
('Harper', 'Walker', '1974-03-17', '1234567999', 'harper.walker@example.com', '646 Random Street, City'),
('Ava', 'Jackson', '1992-07-12', '1234567514', 'ava.jackson@example.com', '647 Random Street, City'),
('John', 'Johnson', '1975-08-27', '1234567960', 'john.johnson@example.com', '368 Random Street, City'),
('Henry', 'Harris', '1961-12-22', '1234567657', 'henry.harris@example.com', '190 Random Street, City'),
('John', 'Clark', '1992-12-09', '1234567334', 'john.clark@example.com', '312 Random Street, City'),
('Isabella', 'Jackson', '2005-09-28', '1234567346', 'isabella.jackson@example.com', '686 Random Street, City'),
('Amelia', 'Brown', '1988-05-10', '1234567797', 'amelia.brown@example.com', '773 Random Street, City'),
('Sophia', 'Smith', '1972-04-27', '1234567850', 'sophia.smith@example.com', '111 Random Street, City'),
('Jane', 'Taylor', '1971-05-23', '1234567683', 'jane.taylor@example.com', '5 Random Street, City'),
('Ava', 'Smith', '1962-04-03', '1234567438', 'ava.smith@example.com', '779 Random Street, City'),
('Henry', 'Taylor', '1989-04-25', '1234567796', 'henry.taylor@example.com', '808 Random Street, City'),
('Olivia', 'Anderson', '1962-01-22', '1234567174', 'olivia.anderson@example.com', '741 Random Street, City'),
('Ava', 'Taylor', '1991-02-16', '1234567267', 'ava.taylor@example.com', '554 Random Street, City'),
('John', 'Garcia', '2000-12-22', '1234567915', 'john.garcia@example.com', '763 Random Street, City'),
('James', 'Hall', '1973-11-03', '1234567474', 'james.hall@example.com', '769 Random Street, City'),
('William', 'Taylor', '1962-10-26', '1234567100', 'william.taylor@example.com', '331 Random Street, City'),
('William', 'Johnson', '1963-03-17', '1234567962', 'william.johnson@example.com', '401 Random Street, City'),
('Emily', 'Clark', '1966-12-01', '1234567106', 'emily.clark@example.com', '583 Random Street, City'),
('Lucas', 'Walker', '1995-05-03', '1234567190', 'lucas.walker@example.com', '805 Random Street, City'),
('Jane', 'White', '2001-10-10', '1234567647', 'jane.white@example.com', '626 Random Street, City'),
('Noah', 'Martinez', '1968-12-14', '1234567757', 'noah.martinez@example.com', '660 Random Street, City'),
('Henry', 'White', '1986-06-14', '1234567200', 'henry.white@example.com', '403 Random Street, City'),
('Henry', 'Harris', '1968-03-09', '1234567242', 'henry.harris@example.com', '915 Random Street, City'),
('Ava', 'Walker', '1978-05-01', '1234567328', 'ava.walker@example.com', '423 Random Street, City'),
('Benjamin', 'Thompson', '1970-02-28', '1234567593', 'benjamin.thompson@example.com', '604 Random Street, City'),
('Sophia', 'Smith', '1995-06-27', '1234567376', 'sophia.smith@example.com', '591 Random Street, City'),
('Liam', 'White', '1966-05-06', '1234567244', 'liam.white@example.com', '746 Random Street, City'),
('Harper', 'Thompson', '1993-12-28', '1234567357', 'harper.thompson@example.com', '129 Random Street, City'),
('John', 'Harris', '1990-03-22', '1234567375', 'john.harris@example.com', '370 Random Street, City'),
('Harper', 'Johnson', '1999-09-24', '1234567131', 'harper.johnson@example.com', '988 Random Street, City'),
('William', 'White', '2005-01-19', '1234567831', 'william.white@example.com', '853 Random Street, City'),
('Noah', 'Clark', '1985-05-23', '1234567687', 'noah.clark@example.com', '882 Random Street, City'),
('Jane', 'Thompson', '1963-03-12', '1234567577', 'jane.thompson@example.com', '212 Random Street, City'),
('Isabella', 'Lee', '1985-01-20', '1234567657', 'isabella.lee@example.com', '281 Random Street, City'),
('Michael', 'Thomas', '2004-12-04', '1234567414', 'michael.thomas@example.com', '299 Random Street, City'),
('John', 'Harris', '1973-05-24', '1234567606', 'john.harris@example.com', '277 Random Street, City'),
('Harper', 'Clark', '2004-04-28', '1234567264', 'harper.clark@example.com', '41 Random Street, City'),
('Jane', 'Taylor', '1991-07-17', '1234567111', 'jane.taylor@example.com', '761 Random Street, City'),
('Ava', 'Jackson', '1971-02-24', '1234567434', 'ava.jackson@example.com', '487 Random Street, City'),
('Benjamin', 'Brown', '1999-05-07', '1234567293', 'benjamin.brown@example.com', '8 Random Street, City'),
('Jane', 'Johnson', '1979-03-05', '1234567233', 'jane.johnson@example.com', '576 Random Street, City'),
('Isabella', 'Walker', '1988-04-25', '1234567414', 'isabella.walker@example.com', '394 Random Street, City'),
('Michael', 'Smith', '1988-12-14', '1234567293', 'michael.smith@example.com', '37 Random Street, City'),
('John', 'Garcia', '1983-05-16', '1234567835', 'john.garcia@example.com', '170 Random Street, City'),
('John', 'Brown', '1975-12-16', '1234567777', 'john.brown@example.com', '481 Random Street, City'),
('Mia', 'Rodriguez', '1978-10-17', '1234567135', 'mia.rodriguez@example.com', '921 Random Street, City'),
('Harper', 'Rodriguez', '2003-08-22', '1234567499', 'harper.rodriguez@example.com', '461 Random Street, City'),
('Emily', 'Thompson', '1976-04-16', '1234567420', 'emily.thompson@example.com', '638 Random Street, City'),
('Olivia', 'Garcia', '1977-12-01', '1234567901', 'olivia.garcia@example.com', '750 Random Street, City'),
('Liam', 'Robinson', '1984-08-17', '1234567526', 'liam.robinson@example.com', '931 Random Street, City'),
('Lucas', 'Hall', '1995-01-25', '1234567690', 'lucas.hall@example.com', '652 Random Street, City'),
('Mia', 'Harris', '1985-03-26', '1234567983', 'mia.harris@example.com', '309 Random Street, City'),
('Robert', 'Johnson', '1985-08-21', '1234567606', 'robert.johnson@example.com', '225 Random Street, City'),
('Henry', 'Garcia', '2005-07-26', '1234567516', 'henry.garcia@example.com', '455 Random Street, City'),
('John', 'Rodriguez', '1979-11-09', '1234567440', 'john.rodriguez@example.com', '247 Random Street, City'),
('Henry', 'Martinez', '1984-08-14', '1234567635', 'henry.martinez@example.com', '966 Random Street, City'),
('Emily', 'Garcia', '1967-01-09', '1234567979', 'emily.garcia@example.com', '503 Random Street, City'),
('Emily', 'Johnson', '2000-10-18', '1234567109', 'emily.johnson@example.com', '612 Random Street, City'),
('Mia', 'Smith', '1983-07-18', '1234567365', 'mia.smith@example.com', '336 Random Street, City'),
('Charlotte', 'Lewis', '1965-08-06', '1234567935', 'charlotte.lewis@example.com', '930 Random Street, City'),
('Isabella', 'Brown', '1996-09-14', '1234567782', 'isabella.brown@example.com', '836 Random Street, City'),
('Henry', 'Lewis', '1977-08-28', '1234567661', 'henry.lewis@example.com', '514 Random Street, City'),
('Charlotte', 'Harris', '1981-08-24', '1234567298', 'charlotte.harris@example.com', '480 Random Street, City'),
('Michael', 'Anderson', '1979-01-17', '1234567862', 'michael.anderson@example.com', '6 Random Street, City'),
('Isabella', 'Robinson', '2005-07-18', '1234567979', 'isabella.robinson@example.com', '440 Random Street, City'),
('James', 'Martinez', '2003-02-14', '1234567278', 'james.martinez@example.com', '20 Random Street, City'),
('Lucas', 'Robinson', '1972-09-26', '1234567655', 'lucas.robinson@example.com', '411 Random Street, City'),
('Liam', 'Lewis', '2001-04-12', '1234567427', 'liam.lewis@example.com', '360 Random Street, City'),
('Lucas', 'Smith', '1970-12-18', '1234567288', 'lucas.smith@example.com', '415 Random Street, City'),
('Benjamin', 'Anderson', '1960-06-14', '1234567617', 'benjamin.anderson@example.com', '32 Random Street, City'),
('Henry', 'Smith', '1995-07-07', '1234567328', 'henry.smith@example.com', '517 Random Street, City'),
('Sophia', 'Martin', '1967-03-03', '1234567100', 'sophia.martin@example.com', '193 Random Street, City'),
('Emily', 'Harris', '1987-02-05', '1234567291', 'emily.harris@example.com', '601 Random Street, City'),
('John', 'Smith', '1988-12-13', '1234567735', 'john.smith@example.com', '911 Random Street, City'),
('Noah', 'Taylor', '1995-09-26', '1234567548', 'noah.taylor@example.com', '627 Random Street, City'),
('William', 'Harris', '1982-12-26', '1234567364', 'william.harris@example.com', '283 Random Street, City'),
('Olivia', 'Thompson', '1998-08-15', '1234567960', 'olivia.thompson@example.com', '945 Random Street, City'),
('Emily', 'Johnson', '1995-08-22', '1234567828', 'emily.johnson@example.com', '793 Random Street, City'),
('Olivia', 'Smith', '1986-04-27', '1234567727', 'olivia.smith@example.com', '525 Random Street, City'),
('Ava', 'Taylor', '1991-10-03', '1234567565', 'ava.taylor@example.com', '775 Random Street, City'),
('James', 'Anderson', '1990-11-07', '1234567945', 'james.anderson@example.com', '339 Random Street, City'),
('James', 'Anderson', '1977-03-04', '1234567334', 'james.anderson@example.com', '749 Random Street, City'),
('Amelia', 'Robinson', '1970-06-20', '1234567992', 'amelia.robinson@example.com', '453 Random Street, City'),
('Noah', 'Rodriguez', '1988-03-05', '1234567924', 'noah.rodriguez@example.com', '595 Random Street, City'),
('Charlotte', 'Martinez', '1999-11-11', '1234567120', 'charlotte.martinez@example.com', '837 Random Street, City'),
('Olivia', 'Garcia', '2002-02-18', '1234567177', 'olivia.garcia@example.com', '756 Random Street, City'),
('Mia', 'Lewis', '1988-02-16', '1234567209', 'mia.lewis@example.com', '374 Random Street, City'),
('Olivia', 'Brown', '2004-10-05', '1234567756', 'olivia.brown@example.com', '871 Random Street, City'),
('Lucas', 'Smith', '1996-11-20', '1234567230', 'lucas.smith@example.com', '101 Random Street, City'),
('Lucas', 'Robinson', '1966-12-17', '1234567244', 'lucas.robinson@example.com', '736 Random Street, City'),
('William', 'White', '1967-08-06', '1234567157', 'william.white@example.com', '655 Random Street, City'),
('Harper', 'Hall', '1988-07-26', '1234567257', 'harper.hall@example.com', '783 Random Street, City'),
('Olivia', 'Martin', '1961-08-27', '1234567338', 'olivia.martin@example.com', '295 Random Street, City'),
('Olivia', 'Hall', '1992-01-05', '1234567194', 'olivia.hall@example.com', '518 Random Street, City'),
('James', 'Jackson', '1983-03-20', '1234567969', 'james.jackson@example.com', '612 Random Street, City'),
('Michael', 'Brown', '1989-03-03', '1234567374', 'michael.brown@example.com', '833 Random Street, City'),
('Michael', 'Brown', '1995-02-19', '1234567943', 'michael.brown@example.com', '149 Random Street, City'),
('Henry', 'Lewis', '1963-10-02', '1234567768', 'henry.lewis@example.com', '296 Random Street, City'),
('Henry', 'Anderson', '1995-07-28', '1234567989', 'henry.anderson@example.com', '634 Random Street, City'),
('Harper', 'Lee', '1986-01-27', '1234567969', 'harper.lee@example.com', '668 Random Street, City'),
('Amelia', 'Smith', '1998-09-08', '1234567838', 'amelia.smith@example.com', '390 Random Street, City'),
('Henry', 'Walker', '1974-10-28', '1234567762', 'henry.walker@example.com', '944 Random Street, City'),
('Harper', 'Walker', '1997-01-02', '1234567588', 'harper.walker@example.com', '219 Random Street, City'),
('Isabella', 'Lewis', '1991-11-14', '1234567846', 'isabella.lewis@example.com', '986 Random Street, City'),
('Sophia', 'Garcia', '1960-10-20', '1234567786', 'sophia.garcia@example.com', '313 Random Street, City'),
('Michael', 'Lee', '1982-11-20', '1234567603', 'michael.lee@example.com', '680 Random Street, City'),
('William', 'White', '1961-11-04', '1234567214', 'william.white@example.com', '880 Random Street, City'),
('Robert', 'Thompson', '1978-03-20', '1234567745', 'robert.thompson@example.com', '700 Random Street, City'),
('Noah', 'Hall', '1970-03-07', '1234567958', 'noah.hall@example.com', '381 Random Street, City'),
('James', 'Garcia', '1971-01-28', '1234567665', 'james.garcia@example.com', '982 Random Street, City'),
('James', 'Smith', '2004-12-21', '1234567293', 'james.smith@example.com', '221 Random Street, City'),
('Harper', 'Brown', '1986-05-17', '1234567211', 'harper.brown@example.com', '110 Random Street, City'),
('Olivia', 'Martinez', '1983-08-16', '1234567163', 'olivia.martinez@example.com', '970 Random Street, City'),
('Robert', 'Lee', '1997-05-07', '1234567660', 'robert.lee@example.com', '857 Random Street, City'),
('James', 'Martin', '1969-11-14', '1234567200', 'james.martin@example.com', '967 Random Street, City'),
('Robert', 'Johnson', '2005-06-22', '1234567739', 'robert.johnson@example.com', '291 Random Street, City'),
('Olivia', 'Smith', '1997-04-01', '1234567899', 'olivia.smith@example.com', '420 Random Street, City'),
('Mia', 'Brown', '1977-07-10', '1234567632', 'mia.brown@example.com', '165 Random Street, City'),
('Amelia', 'Thomas', '1988-09-08', '1234567940', 'amelia.thomas@example.com', '982 Random Street, City'),
('Benjamin', 'Thompson', '2003-01-17', '1234567525', 'benjamin.thompson@example.com', '184 Random Street, City'),
('Amelia', 'Johnson', '1999-09-17', '1234567730', 'amelia.johnson@example.com', '469 Random Street, City'),
('Michael', 'Garcia', '1973-02-15', '1234567710', 'michael.garcia@example.com', '145 Random Street, City'),
('John', 'Jackson', '2003-01-05', '1234567828', 'john.jackson@example.com', '643 Random Street, City'),
('James', 'Jackson', '1961-08-15', '1234567218', 'james.jackson@example.com', '312 Random Street, City'),
('Lucas', 'Lewis', '1980-07-25', '1234567365', 'lucas.lewis@example.com', '342 Random Street, City'),
('Henry', 'Martinez', '1979-03-22', '1234567420', 'henry.martinez@example.com', '678 Random Street, City'),
('Harper', 'Anderson', '1994-01-01', '1234567155', 'harper.anderson@example.com', '597 Random Street, City'),
('Henry', 'Lewis', '2000-07-16', '1234567955', 'henry.lewis@example.com', '875 Random Street, City'),
('John', 'Thompson', '1972-12-28', '1234567411', 'john.thompson@example.com', '977 Random Street, City'),
('Jane', 'Harris', '1985-01-17', '1234567429', 'jane.harris@example.com', '896 Random Street, City'),
('Charlotte', 'Walker', '1983-10-13', '1234567638', 'charlotte.walker@example.com', '292 Random Street, City'),
('Olivia', 'Garcia', '2003-08-27', '1234567464', 'olivia.garcia@example.com', '677 Random Street, City'),
('Sophia', 'Harris', '1966-03-09', '1234567588', 'sophia.harris@example.com', '619 Random Street, City'),
('Sophia', 'Thomas', '1995-06-11', '1234567658', 'sophia.thomas@example.com', '721 Random Street, City'),
('Robert', 'Thomas', '2001-10-04', '1234567156', 'robert.thomas@example.com', '766 Random Street, City'),
('Sophia', 'Thomas', '1988-06-15', '1234567634', 'sophia.thomas@example.com', '561 Random Street, City'),
('Benjamin', 'Rodriguez', '1963-05-27', '1234567756', 'benjamin.rodriguez@example.com', '810 Random Street, City'),
('Sophia', 'Clark', '2002-05-08', '1234567402', 'sophia.clark@example.com', '974 Random Street, City'),
('Henry', 'Martinez', '1969-01-03', '1234567579', 'henry.martinez@example.com', '277 Random Street, City'),
('John', 'White', '1963-06-28', '1234567725', 'john.white@example.com', '852 Random Street, City'),
('Michael', 'Garcia', '2002-01-08', '1234567120', 'michael.garcia@example.com', '577 Random Street, City'),
('Noah', 'Smith', '1977-10-05', '1234567322', 'noah.smith@example.com', '930 Random Street, City'),
('Noah', 'Taylor', '1979-06-20', '1234567676', 'noah.taylor@example.com', '987 Random Street, City'),
('Isabella', 'Thomas', '2005-01-01', '1234567688', 'isabella.thomas@example.com', '455 Random Street, City');


-- Insert Data Into Account Table
INSERT INTO Account (CustomerID, AccountType, Balance, DateOpened, Status) 
VALUES
(1, 'Business', 6909, '2020-09-04', 'Active'),
(2, 'Fixed Deposit', 26274, '2020-09-24', 'Active'),
(3, 'Business', 30883, '2015-05-28', 'Active'),
(4, 'Business', 44321, '2012-11-07', 'Closed'),
(5, 'Business', 29671, '2010-07-10', 'Inactive'),
(6, 'Checking', 42983, '2018-01-19', 'Active'),
(7, 'Savings', 47181, '2013-10-17', 'Active'),
(8, 'Business', 789, '2019-09-07', 'Inactive'),
(9, 'Fixed Deposit', 41074, '2014-10-08', 'Inactive'),
(10, 'Checking', 6178, '2017-12-11', 'Closed'),
(11, 'Checking', 25062, '2017-06-11', 'Closed'),
(12, 'Business', 29624, '2011-01-02', 'Closed'),
(13, 'Fixed Deposit', 35194, '2023-10-25', 'Active'),
(14, 'Fixed Deposit', 47029, '2013-12-08', 'Closed'),
(15, 'Business', 16845, '2010-06-18', 'Active'),
(16, 'Savings', 21933, '2019-10-24', 'Active'),
(17, 'Savings', 30143, '2016-04-21', 'Inactive'),
(18, 'Fixed Deposit', 4261, '2020-03-17', 'Inactive'),
(19, 'Savings', 13047, '2015-03-02', 'Closed'),
(20, 'Checking', 35177, '2010-07-16', 'Closed'),
(21, 'Fixed Deposit', 41195, '2021-12-15', 'Closed'),
(22, 'Fixed Deposit', 6170, '2014-11-18', 'Active'),
(23, 'Business', 30660, '2021-08-17', 'Active'),
(24, 'Business', 33675, '2016-07-27', 'Active'),
(25, 'Business', 45249, '2019-04-19', 'Closed'),
(26, 'Checking', 20120, '2017-03-08', 'Active'),
(27, 'Savings', 40764, '2012-02-24', 'Active'),
(28, 'Checking', 25195, '2016-04-21', 'Active'),
(29, 'Business', 21147, '2019-04-11', 'Closed'),
(30, 'Business', 47113, '2020-03-15', 'Closed'),
(31, 'Checking', 7799, '2015-06-07', 'Closed'),
(32, 'Fixed Deposit', 9259, '2022-01-21', 'Inactive'),
(33, 'Business', 10967, '2023-03-28', 'Active'),
(34, 'Savings', 24489, '2016-10-09', 'Active'),
(35, 'Savings', 46898, '2016-11-09', 'Inactive'),
(36, 'Business', 23330, '2015-11-14', 'Active'),
(37, 'Savings', 8843, '2015-02-23', 'Closed'),
(38, 'Checking', 19637, '2018-12-02', 'Inactive'),
(39, 'Business', 20767, '2021-01-04', 'Closed'),
(40, 'Fixed Deposit', 22634, '2017-08-16', 'Active'),
(41, 'Fixed Deposit', 30136, '2022-05-23', 'Active'),
(42, 'Business', 39109, '2020-07-04', 'Closed'),
(43, 'Savings', 35140, '2010-03-03', 'Inactive'),
(44, 'Business', 33008, '2010-12-13', 'Inactive'),
(45, 'Fixed Deposit', 9534, '2012-09-27', 'Active'),
(46, 'Checking', 47305, '2019-05-18', 'Closed'),
(47, 'Savings', 48188, '2014-12-07', 'Inactive'),
(48, 'Savings', 24090, '2019-10-23', 'Inactive'),
(49, 'Fixed Deposit', 18380, '2010-08-05', 'Active'),
(50, 'Checking', 27065, '2015-12-22', 'Active'),
(51, 'Checking', 49544, '2021-04-01', 'Closed'),
(52, 'Business', 48372, '2022-10-14', 'Closed'),
(53, 'Checking', 16064, '2010-05-02', 'Active'),
(54, 'Fixed Deposit', 11369, '2021-11-23', 'Active'),
(55, 'Checking', 16472, '2022-01-14', 'Inactive'),
(56, 'Savings', 43021, '2015-11-28', 'Active'),
(57, 'Fixed Deposit', 33966, '2012-12-08', 'Active'),
(58, 'Business', 1597, '2014-10-06', 'Closed'),
(59, 'Business', 30682, '2015-03-06', 'Closed'),
(60, 'Business', 41259, '2018-12-17', 'Inactive'),
(61, 'Checking', 11175, '2020-08-10', 'Closed'),
(62, 'Business', 18232, '2022-06-10', 'Closed'),
(63, 'Checking', 14311, '2010-01-16', 'Closed'),
(64, 'Checking', 47692, '2015-02-12', 'Active'),
(65, 'Savings', 13503, '2014-10-12', 'Inactive'),
(66, 'Business', 9466, '2022-09-13', 'Active'),
(67, 'Fixed Deposit', 10493, '2018-12-11', 'Inactive'),
(68, 'Business', 30804, '2011-12-04', 'Active'),
(69, 'Savings', 8379, '2022-04-17', 'Closed'),
(70, 'Savings', 14106, '2010-08-27', 'Closed'),
(71, 'Business', 42564, '2016-09-06', 'Active'),
(72, 'Checking', 21604, '2015-05-02', 'Active'),
(73, 'Savings', 40178, '2015-10-13', 'Active'),
(74, 'Checking', 24219, '2011-11-23', 'Inactive'),
(75, 'Business', 10378, '2021-07-22', 'Inactive'),
(76, 'Checking', 27700, '2015-11-28', 'Inactive'),
(77, 'Fixed Deposit', 45141, '2010-11-26', 'Inactive'),
(78, 'Savings', 25915, '2021-09-09', 'Active'),
(79, 'Fixed Deposit', 9063, '2013-12-18', 'Closed'),
(80, 'Fixed Deposit', 23146, '2023-06-21', 'Inactive'),
(81, 'Fixed Deposit', 9889, '2014-01-27', 'Inactive'),
(82, 'Checking', 24714, '2020-10-07', 'Active'),
(83, 'Checking', 12143, '2018-04-08', 'Closed'),
(84, 'Fixed Deposit', 3583, '2020-11-22', 'Active'),
(85, 'Checking', 32842, '2021-09-05', 'Closed'),
(86, 'Checking', 28040, '2016-07-07', 'Closed'),
(87, 'Savings', 17009, '2020-09-06', 'Active'),
(88, 'Fixed Deposit', 46401, '2022-04-22', 'Closed'),
(89, 'Checking', 25893, '2014-04-23', 'Active'),
(90, 'Business', 26299, '2017-02-23', 'Inactive'),
(91, 'Fixed Deposit', 20847, '2010-08-21', 'Closed'),
(92, 'Savings', 41749, '2017-12-27', 'Closed'),
(93, 'Fixed Deposit', 7718, '2021-11-08', 'Inactive'),
(94, 'Checking', 41273, '2010-10-22', 'Active'),
(95, 'Checking', 49807, '2010-11-04', 'Inactive'),
(96, 'Checking', 6280, '2017-08-04', 'Inactive'),
(97, 'Fixed Deposit', 13835, '2013-08-28', 'Closed'),
(98, 'Business', 36300, '2014-10-22', 'Active'),
(99, 'Fixed Deposit', 10102, '2019-03-21', 'Active'),
(100, 'Checking', 9752, '2014-02-18', 'Active'),
(101, 'Checking', 34911, '2012-10-17', 'Closed'),
(102, 'Fixed Deposit', 9322, '2012-07-18', 'Closed'),
(103, 'Business', 41475, '2015-11-11', 'Active'),
(104, 'Savings', 10541, '2022-05-22', 'Closed'),
(105, 'Checking', 35526, '2013-03-01', 'Active'),
(106, 'Checking', 40585, '2017-12-19', 'Inactive'),
(107, 'Savings', 37906, '2018-12-19', 'Closed'),
(108, 'Fixed Deposit', 39620, '2021-04-22', 'Inactive'),
(109, 'Business', 8882, '2012-02-06', 'Inactive'),
(110, 'Fixed Deposit', 13767, '2018-07-02', 'Active'),
(111, 'Fixed Deposit', 23387, '2022-11-17', 'Closed'),
(112, 'Fixed Deposit', 22197, '2010-06-05', 'Inactive'),
(113, 'Fixed Deposit', 47798, '2012-08-20', 'Active'),
(114, 'Checking', 20210, '2015-10-01', 'Inactive'),
(115, 'Business', 21125, '2016-08-14', 'Inactive'),
(116, 'Savings', 28167, '2018-06-22', 'Active'),
(117, 'Business', 8816, '2016-04-01', 'Inactive'),
(118, 'Savings', 45486, '2015-03-12', 'Active'),
(119, 'Business', 37431, '2021-06-16', 'Inactive'),
(120, 'Savings', 1530, '2021-12-20', 'Active'),
(121, 'Fixed Deposit', 18424, '2020-02-02', 'Active'),
(122, 'Fixed Deposit', 14925, '2023-03-14', 'Inactive'),
(123, 'Checking', 18207, '2010-02-20', 'Closed'),
(124, 'Business', 47057, '2015-01-26', 'Active'),
(125, 'Business', 47435, '2017-01-20', 'Active'),
(126, 'Savings', 33100, '2019-01-14', 'Active'),
(127, 'Fixed Deposit', 20119, '2014-11-22', 'Active'),
(128, 'Checking', 34648, '2017-11-17', 'Active'),
(129, 'Business', 40195, '2017-07-03', 'Closed'),
(130, 'Savings', 588, '2010-07-09', 'Active'),
(131, 'Checking', 34048, '2023-11-18', 'Active'),
(132, 'Savings', 41102, '2017-12-01', 'Inactive'),
(133, 'Business', 42800, '2015-05-09', 'Active'),
(134, 'Fixed Deposit', 6082, '2015-01-07', 'Active'),
(135, 'Checking', 38684, '2021-11-24', 'Closed'),
(136, 'Business', 12050, '2018-08-17', 'Closed'),
(137, 'Checking', 16579, '2022-06-10', 'Closed'),
(138, 'Business', 36722, '2010-05-02', 'Inactive'),
(139, 'Checking', 25480, '2022-12-14', 'Inactive'),
(140, 'Fixed Deposit', 15711, '2021-03-20', 'Closed'),
(141, 'Fixed Deposit', 17039, '2011-04-08', 'Inactive'),
(142, 'Savings', 4583, '2017-07-11', 'Inactive'),
(143, 'Fixed Deposit', 34900, '2016-08-10', 'Closed'),
(144, 'Savings', 18773, '2021-05-25', 'Closed'),
(145, 'Business', 10193, '2021-11-15', 'Closed'),
(146, 'Savings', 11776, '2023-12-11', 'Inactive'),
(147, 'Savings', 43834, '2012-04-04', 'Closed'),
(148, 'Fixed Deposit', 2517, '2010-09-26', 'Inactive'),
(149, 'Checking', 20975, '2010-05-13', 'Active'),
(150, 'Checking', 46011, '2021-07-11', 'Active'),
(151, 'Fixed Deposit', 19323, '2021-06-19', 'Active'),
(152, 'Savings', 48037, '2022-08-03', 'Active'),
(153, 'Fixed Deposit', 6189, '2019-09-08', 'Closed'),
(154, 'Business', 49028, '2018-04-18', 'Closed'),
(155, 'Business', 46959, '2023-12-13', 'Closed'),
(156, 'Savings', 33371, '2014-06-20', 'Active'),
(157, 'Business', 21180, '2014-06-09', 'Closed'),
(158, 'Checking', 12301, '2023-03-03', 'Closed'),
(159, 'Business', 24887, '2013-04-08', 'Closed'),
(160, 'Checking', 9329, '2011-01-14', 'Inactive'),
(161, 'Checking', 8233, '2017-05-15', 'Active'),
(162, 'Fixed Deposit', 9131, '2021-10-26', 'Inactive'),
(163, 'Savings', 43575, '2018-02-13', 'Closed'),
(164, 'Fixed Deposit', 17142, '2015-10-12', 'Closed'),
(165, 'Checking', 9212, '2023-06-24', 'Closed'),
(166, 'Checking', 10835, '2017-05-07', 'Active'),
(167, 'Fixed Deposit', 43774, '2013-07-07', 'Closed'),
(168, 'Checking', 43808, '2020-01-01', 'Active'),
(169, 'Business', 38791, '2022-05-11', 'Active'),
(170, 'Fixed Deposit', 12257, '2017-12-03', 'Closed'),
(171, 'Fixed Deposit', 31188, '2016-04-22', 'Active'),
(172, 'Fixed Deposit', 37904, '2023-10-02', 'Closed'),
(173, 'Checking', 26752, '2016-11-26', 'Inactive'),
(174, 'Savings', 39104, '2013-03-13', 'Closed'),
(175, 'Savings', 19184, '2018-09-20', 'Active'),
(176, 'Fixed Deposit', 14721, '2020-11-02', 'Closed'),
(177, 'Fixed Deposit', 13839, '2012-09-28', 'Active'),
(178, 'Checking', 38488, '2022-10-25', 'Closed'),
(179, 'Business', 26893, '2022-05-15', 'Closed'),
(180, 'Checking', 31445, '2015-02-28', 'Closed'),
(181, 'Savings', 43161, '2015-02-22', 'Closed'),
(182, 'Business', 8989, '2015-08-04', 'Closed'),
(183, 'Fixed Deposit', 5799, '2015-12-18', 'Active'),
(184, 'Checking', 44646, '2012-10-04', 'Inactive'),
(185, 'Business', 49267, '2012-07-27', 'Active'),
(186, 'Business', 44823, '2016-11-11', 'Closed'),
(187, 'Business', 2857, '2017-04-26', 'Closed'),
(188, 'Checking', 36781, '2011-02-14', 'Closed'),
(189, 'Business', 40971, '2011-11-24', 'Inactive'),
(190, 'Checking', 35874, '2011-08-07', 'Inactive'),
(191, 'Business', 34993, '2023-08-24', 'Active'),
(192, 'Business', 24120, '2014-01-17', 'Active'),
(193, 'Fixed Deposit', 36814, '2015-07-13', 'Active'),
(194, 'Fixed Deposit', 37350, '2010-12-16', 'Closed'),
(195, 'Fixed Deposit', 7092, '2018-04-15', 'Active'),
(196, 'Business', 39102, '2010-01-22', 'Inactive'),
(197, 'Checking', 7183, '2014-12-27', 'Closed'),
(198, 'Business', 22015, '2014-01-16', 'Inactive'),
(199, 'Checking', 30727, '2019-08-27', 'Inactive'),
(200, 'Business', 29128, '2016-01-09', 'Active');

select * from Account


INSERT INTO Transactions (AccountID, TransactionDate, TransactionType, Amount, BalanceAfterTransaction) VALUES
(1, '2021-07-04', 'Credit', 2493, 8138),
(1, '2023-05-18', 'Credit', 823, 8961),
(1, '2020-05-13', 'Credit', 3939, 12900),
(1, '2020-08-18', 'Debit', 3425, 9475),
(1, '2023-10-18', 'Credit', 4018, 13493),
(1, '2022-06-21', 'Credit', 4183, 17676),
(1, '2020-01-03', 'Debit', 2681, 14995),
(1, '2023-10-21', 'Credit', 2686, 17681),
(2, '2021-12-18', 'Credit', 3423, 28838),
(2, '2021-11-06', 'Debit', 1019, 27819),
(2, '2023-11-12', 'Debit', 1118, 26701),
(2, '2021-01-10', 'Debit', 778, 25923),
(2, '2022-02-08', 'Credit', 3840, 29763),
(2, '2023-12-23', 'Debit', 3706, 26057),
(2, '2020-10-08', 'Debit', 3232, 22825),
(2, '2023-11-24', 'Debit', 1163, 21662),
(2, '2022-10-07', 'Debit', 2699, 18963),
(3, '2020-07-26', 'Credit', 4699, 29313),
(3, '2023-02-21', 'Debit', 3774, 25539),
(3, '2022-01-07', 'Credit', 3354, 28893),
(3, '2021-03-15', 'Credit', 3277, 32170),
(3, '2023-08-25', 'Credit', 152, 32322),
(3, '2022-12-05', 'Debit', 1010, 31312),
(3, '2020-06-13', 'Debit', 3582, 27730),
(3, '2023-03-13', 'Debit', 3049, 24681),
(3, '2021-04-14', 'Debit', 2309, 22372),
(3, '2022-08-08', 'Debit', 4747, 17625),
(3, '2022-04-28', 'Credit', 3988, 21613),
(3, '2022-08-03', 'Debit', 641, 20972),
(4, '2022-09-13', 'Debit', 3727, 18964),
(4, '2022-03-20', 'Credit', 2570, 21534),
(4, '2023-10-19', 'Credit', 4691, 26225),
(4, '2023-12-06', 'Credit', 1979, 28204),
(4, '2022-04-20', 'Credit', 607, 28811),
(4, '2022-11-05', 'Credit', 4679, 33490),
(4, '2020-05-09', 'Debit', 5000, 28490),
(4, '2022-02-17', 'Credit', 2044, 30534),
(4, '2022-03-25', 'Debit', 4142, 26392),
(5, '2022-02-20', 'Credit', 361, 48020),
(5, '2023-02-13', 'Credit', 1628, 49648),
(5, '2021-05-23', 'Debit', 3374, 46274),
(5, '2023-12-10', 'Credit', 4886, 51160),
(5, '2023-11-18', 'Debit', 1735, 49425),
(5, '2020-11-28', 'Credit', 857, 50282),
(6, '2022-08-11', 'Credit', 3516, 9594),
(6, '2020-10-10', 'Credit', 3643, 13237),
(6, '2021-06-24', 'Debit', 2499, 10738),
(6, '2020-12-26', 'Credit', 3117, 13855),
(6, '2021-06-25', 'Debit', 4583, 9272),
(6, '2023-07-08', 'Debit', 1559, 7713),
(7, '2023-09-02', 'Debit', 3871, 35243),
(7, '2021-07-12', 'Debit', 4449, 30794),
(7, '2022-02-27', 'Debit', 1620, 29174),
(7, '2022-04-02', 'Debit', 2664, 26510),
(7, '2021-05-18', 'Credit', 4390, 30900),
(7, '2023-12-27', 'Debit', 1641, 29259),
(7, '2020-08-27', 'Debit', 1498, 27761),
(8, '2022-05-21', 'Credit', 2428, 27941),
(8, '2022-05-24', 'Credit', 4575, 32516),
(8, '2023-08-18', 'Debit', 4330, 28186),
(8, '2021-12-19', 'Credit', 2263, 30449),
(8, '2022-03-27', 'Credit', 1433, 31882),
(8, '2022-11-12', 'Debit', 461, 31421),
(8, '2021-07-07', 'Credit', 4945, 36366),
(8, '2023-03-07', 'Credit', 4693, 41059),
(8, '2021-09-01', 'Credit', 683, 41742),
(8, '2022-01-21', 'Credit', 2885, 44627),
(9, '2022-02-12', 'Debit', 4824, 21581),
(9, '2022-07-14', 'Credit', 1509, 23090),
(9, '2022-06-05', 'Debit', 1009, 22081),
(9, '2020-07-25', 'Credit', 2338, 24419),
(9, '2023-11-02', 'Debit', 4314, 20105),
(9, '2022-07-24', 'Debit', 3697, 16408),
(9, '2020-09-07', 'Credit', 3533, 19941),
(9, '2021-06-25', 'Debit', 203, 19738),
(9, '2022-01-13', 'Credit', 4839, 24577),
(9, '2021-12-13', 'Credit', 2608, 27185),
(9, '2023-10-01', 'Credit', 4793, 31978),
(9, '2021-11-21', 'Debit', 4020, 27958),
(10, '2021-07-11', 'Debit', 780, 0),
(10, '2020-11-20', 'Credit', 1741, 1741),
(10, '2022-12-14', 'Credit', 757, 2498),
(10, '2022-09-26', 'Debit', 1424, 1074),
(10, '2021-09-07', 'Debit', 1074, 0),
(10, '2020-06-26', 'Credit', 3733, 3733),
(10, '2020-11-16', 'Debit', 1028, 2705),
(10, '2020-09-04', 'Debit', 2705, 0)


INSERT INTO Transactions (AccountID, TransactionDate, TransactionType, Amount, BalanceAfterTransaction) 
VALUES
(11, '2023-01-12', 'Debit', 3343, 0),
(11, '2021-06-04', 'Debit', 0, 0),
(11, '2023-08-16', 'Credit', 2449, 2449),
(11, '2022-04-24', 'Debit', 1707, 742),
(11, '2020-06-10', 'Debit', 742, 0),
(11, '2022-06-03', 'Credit', 2095, 2095),
(11, '2022-06-08', 'Credit', 2068, 4163),
(11, '2021-03-03', 'Debit', 1625, 2538),
(11, '2021-11-02', 'Debit', 2538, 0),
(11, '2021-03-02', 'Credit', 1851, 1851),
(12, '2022-09-19', 'Debit', 4831, 42668),
(12, '2021-04-18', 'Credit', 4531, 47199),
(12, '2020-11-14', 'Debit', 2685, 44514),
(12, '2021-11-15', 'Credit', 1967, 46481),
(12, '2023-08-21', 'Credit', 2337, 48818),
(12, '2023-06-03', 'Debit', 3940, 44878),
(12, '2021-10-16', 'Debit', 3581, 41297),
(12, '2023-07-27', 'Credit', 4434, 45731),
(12, '2022-05-07', 'Debit', 945, 44786),
(12, '2021-03-02', 'Credit', 1479, 46265),
(12, '2022-10-03', 'Debit', 1486, 44779),
(12, '2023-06-09', 'Debit', 4962, 39817),
(12, '2021-04-18', 'Credit', 4335, 44152),
(13, '2023-03-08', 'Debit', 2146, 37625),
(13, '2021-06-21', 'Credit', 2266, 39891),
(13, '2020-09-12', 'Credit', 2062, 41953),
(13, '2020-04-07', 'Credit', 911, 42864),
(13, '2021-01-27', 'Credit', 1699, 44563),
(13, '2020-09-21', 'Debit', 1183, 43380),
(13, '2021-11-02', 'Credit', 1139, 44519),
(13, '2023-11-16', 'Credit', 2931, 47450),
(13, '2023-12-02', 'Credit', 2704, 50154),
(13, '2022-05-28', 'Credit', 4197, 54351),
(13, '2022-12-18', 'Debit', 3146, 51205),
(13, '2022-08-20', 'Credit', 3089, 54294),
(13, '2023-12-02', 'Credit', 416, 54710),
(13, '2020-11-26', 'Debit', 4752, 49958),
(13, '2020-04-04', 'Debit', 2688, 47270),
(14, '2022-12-14', 'Debit', 3133, 30036),
(14, '2022-09-06', 'Credit', 895, 30931),
(14, '2021-11-03', 'Credit', 2546, 33477),
(14, '2020-03-23', 'Debit', 3220, 30257),
(14, '2020-07-27', 'Debit', 1501, 28756),
(15, '2023-01-11', 'Credit', 4377, 23252),
(15, '2022-04-01', 'Credit', 2663, 25915),
(15, '2020-04-21', 'Debit', 1433, 24482),
(15, '2021-09-07', 'Debit', 363, 24119),
(15, '2021-02-21', 'Credit', 4130, 28249),
(15, '2023-04-28', 'Credit', 2347, 30596),
(15, '2023-02-27', 'Debit', 1978, 28618),
(15, '2022-03-03', 'Credit', 4773, 33391),
(15, '2020-08-20', 'Credit', 2653, 36044),
(15, '2023-08-18', 'Debit', 2936, 33108),
(16, '2021-02-03', 'Debit', 4017, 35962),
(16, '2023-05-18', 'Credit', 3298, 39260),
(16, '2022-12-11', 'Credit', 2756, 42016),
(16, '2023-03-27', 'Credit', 1016, 43032),
(16, '2021-07-25', 'Credit', 4089, 47121),
(16, '2020-11-28', 'Debit', 3738, 43383),
(16, '2020-04-05', 'Debit', 4693, 38690),
(16, '2020-10-28', 'Credit', 4183, 42873),
(16, '2020-05-24', 'Debit', 2571, 40302),
(16, '2022-08-09', 'Credit', 1076, 41378),
(16, '2020-07-26', 'Credit', 4244, 45622),
(17, '2022-11-10', 'Debit', 1734, 30146),
(17, '2021-01-25', 'Credit', 4803, 34949),
(17, '2020-05-07', 'Credit', 2601, 37550),
(17, '2020-11-26', 'Credit', 4996, 42546),
(17, '2022-10-02', 'Debit', 4754, 37792),
(17, '2022-08-24', 'Debit', 4500, 33292),
(17, '2021-10-10', 'Debit', 1561, 31731),
(17, '2021-11-23', 'Debit', 4704, 27027),
(17, '2020-01-25', 'Credit', 3950, 30977),
(18, '2020-09-06', 'Debit', 4820, 34891),
(18, '2023-04-13', 'Credit', 3918, 38809),
(18, '2022-02-15', 'Credit', 3884, 42693),
(18, '2023-12-12', 'Debit', 4380, 38313),
(18, '2021-05-07', 'Credit', 3589, 41902),
(18, '2023-08-17', 'Debit', 2726, 39176),
(18, '2021-05-12', 'Credit', 981, 40157),
(18, '2020-09-24', 'Debit', 772, 39385),
(18, '2022-11-18', 'Debit', 1485, 37900),
(18, '2021-06-05', 'Credit', 647, 38547),
(18, '2022-01-25', 'Debit', 1463, 37084),
(18, '2022-02-28', 'Credit', 971, 38055),
(19, '2022-06-23', 'Credit', 2850, 45645),
(19, '2020-08-10', 'Credit', 2230, 47875),
(19, '2021-06-03', 'Credit', 2087, 49962),
(19, '2020-03-22', 'Credit', 542, 50504),
(19, '2021-11-22', 'Credit', 4188, 54692),
(19, '2022-09-15', 'Debit', 815, 53877),
(19, '2023-09-13', 'Debit', 4129, 49748),
(19, '2023-08-16', 'Debit', 2755, 46993),
(19, '2022-07-05', 'Debit', 1801, 45192),
(19, '2023-08-13', 'Credit', 4332, 49524),
(19, '2022-05-23', 'Debit', 4966, 44558),
(19, '2021-01-21', 'Credit', 3367, 47925),
(19, '2021-05-05', 'Debit', 855, 47070),
(20, '2021-02-27', 'Debit', 1387, 0),
(20, '2023-09-07', 'Debit', 0, 0),
(20, '2021-02-18', 'Debit', 0, 0),
(20, '2021-07-24', 'Debit', 0, 0),
(20, '2023-04-11', 'Credit', 311, 311),
(20, '2021-02-04', 'Credit', 3706, 4017),
(20, '2021-10-10', 'Credit', 2805, 6822),
(20, '2023-02-23', 'Credit', 3326, 10148),
(20, '2021-01-23', 'Debit', 4251, 5897),
(20, '2020-01-19', 'Credit', 1547, 7444),
(20, '2023-02-18', 'Debit', 4308, 3136),
(20, '2023-07-10', 'Debit', 774, 2362),
(20, '2023-12-26', 'Debit', 671, 1691),
(20, '2022-08-19', 'Credit', 2633, 4324),
(20, '2020-10-23', 'Credit', 1819, 6143),
(21, '2022-08-11', 'Credit', 465, 24329),
(21, '2021-01-14', 'Debit', 1887, 22442),
(21, '2020-05-01', 'Credit', 3312, 25754),
(21, '2022-07-12', 'Debit', 1311, 24443),
(21, '2023-10-18', 'Debit', 3901, 20542),
(21, '2022-08-03', 'Credit', 4190, 24732),
(21, '2022-01-10', 'Debit', 991, 23741),
(21, '2022-06-24', 'Credit', 2639, 26380),
(21, '2022-01-05', 'Credit', 698, 27078),
(21, '2020-01-22', 'Credit', 2485, 29563),
(21, '2023-07-13', 'Credit', 2777, 32340),
(21, '2020-12-02', 'Credit', 2503, 34843),
(22, '2023-09-21', 'Credit', 885, 44012),
(22, '2020-11-20', 'Debit', 317, 43695),
(22, '2022-02-20', 'Debit', 1091, 42604),
(22, '2023-06-20', 'Debit', 3586, 39018),
(22, '2021-12-20', 'Credit', 3593, 42611),
(22, '2021-09-23', 'Debit', 2856, 39755),
(22, '2023-05-22', 'Credit', 317, 40072),
(22, '2022-10-02', 'Debit', 2667, 37405),
(22, '2021-12-19', 'Credit', 3519, 40924),
(22, '2021-03-16', 'Debit', 342, 40582),
(22, '2023-11-16', 'Credit', 1407, 41989),
(22, '2020-05-09', 'Credit', 875, 42864),
(22, '2023-08-17', 'Credit', 1452, 44316),
(23, '2021-01-11', 'Credit', 1088, 29287),
(23, '2023-10-12', 'Debit', 4289, 24998),
(23, '2023-11-26', 'Debit', 4817, 20181),
(23, '2021-11-12', 'Credit', 948, 21129),
(23, '2022-12-01', 'Debit', 245, 20884),
(23, '2020-08-06', 'Debit', 2871, 18013),
(23, '2021-07-24', 'Credit', 4712, 22725),
(23, '2023-10-18', 'Debit', 3167, 19558),
(23, '2021-06-23', 'Debit', 4738, 14820),
(23, '2023-07-28', 'Debit', 945, 13875),
(23, '2020-11-22', 'Credit', 2874, 16749),
(23, '2022-12-07', 'Debit', 1379, 15370),
(23, '2022-10-06', 'Credit', 4812, 20182),
(23, '2020-04-14', 'Credit', 1441, 21623),
(24, '2021-07-01', 'Debit', 1639, 20530),
(24, '2022-10-26', 'Credit', 2219, 22749),
(24, '2020-07-23', 'Debit', 3976, 18773),
(24, '2021-03-20', 'Credit', 665, 19438),
(24, '2023-11-05', 'Credit', 4565, 24003),
(24, '2021-02-24', 'Credit', 3078, 27081),
(24, '2023-05-06', 'Credit', 2054, 29135),
(24, '2020-02-10', 'Debit', 2921, 26214),
(24, '2020-06-18', 'Debit', 3251, 22963),
(24, '2020-06-11', 'Debit', 3896, 19067),
(24, '2020-04-16', 'Credit', 128, 19195),
(25, '2020-11-10', 'Debit', 2815, 15467),
(25, '2021-11-19', 'Debit', 4129, 11338),
(25, '2021-10-04', 'Debit', 4346, 6992),
(25, '2020-12-16', 'Credit', 2796, 9788),
(25, '2023-11-09', 'Debit', 1610, 8178),
(25, '2023-05-15', 'Credit', 777, 8955),
(26, '2023-12-16', 'Debit', 533, 3980),
(26, '2020-09-14', 'Credit', 3242, 7222),
(26, '2020-01-21', 'Debit', 2522, 4700),
(26, '2023-10-16', 'Credit', 2414, 7114),
(26, '2021-06-10', 'Credit', 3011, 10125),
(26, '2021-04-19', 'Credit', 1342, 11467),
(26, '2021-03-12', 'Debit', 905, 10562),
(26, '2020-07-16', 'Debit', 1372, 9190),
(26, '2020-09-03', 'Debit', 4531, 4659),
(26, '2023-07-25', 'Credit', 3590, 8249),
(26, '2020-12-17', 'Debit', 2332, 5917),
(26, '2020-10-10', 'Debit', 700, 5217),
(26, '2023-11-08', 'Credit', 1916, 7133),
(27, '2020-04-26', 'Debit', 241, 3804),
(27, '2023-01-04', 'Debit', 2497, 1307),
(27, '2023-01-26', 'Credit', 1861, 3168),
(27, '2021-01-27', 'Debit', 116, 3052),
(27, '2023-11-25', 'Debit', 1680, 1372),
(27, '2022-02-10', 'Credit', 2979, 4351),
(27, '2023-06-27', 'Credit', 1552, 5903),
(27, '2023-05-22', 'Debit', 587, 5316),
(27, '2021-12-12', 'Credit', 4245, 9561),
(27, '2023-04-11', 'Credit', 3594, 13155),
(27, '2021-08-17', 'Debit', 1051, 12104),
(27, '2021-09-16', 'Debit', 1440, 10664),
(28, '2022-06-06', 'Debit', 1547, 19694),
(28, '2021-08-07', 'Debit', 4856, 14838),
(28, '2023-01-20', 'Debit', 4606, 10232),
(28, '2020-10-05', 'Credit', 276, 10508),
(28, '2021-05-04', 'Credit', 2358, 12866),
(28, '2022-06-14', 'Credit', 4523, 17389),
(28, '2022-12-05', 'Debit', 4041, 13348),
(28, '2020-09-11', 'Debit', 4465, 8883),
(28, '2022-08-03', 'Debit', 469, 8414),
(28, '2023-06-26', 'Debit', 2686, 5728),
(28, '2022-07-25', 'Debit', 1698, 4030),
(28, '2023-01-23', 'Debit', 2452, 1578),
(28, '2021-07-01', 'Debit', 432, 1146),
(29, '2023-10-08', 'Debit', 2491, 15423),
(29, '2020-09-19', 'Credit', 2332, 17755),
(29, '2020-02-20', 'Credit', 538, 18293),
(29, '2023-08-08', 'Debit', 4279, 14014),
(29, '2021-01-12', 'Credit', 4180, 18194),
(29, '2023-05-17', 'Debit', 1198, 16996),
(29, '2023-09-28', 'Credit', 4822, 21818),
(29, '2021-11-28', 'Credit', 2659, 24477),
(29, '2021-03-26', 'Debit', 2981, 21496),
(29, '2023-11-02', 'Debit', 3959, 17537),
(29, '2020-01-08', 'Credit', 1564, 19101),
(29, '2023-04-27', 'Credit', 4157, 23258),
(29, '2022-07-25', 'Debit', 2292, 20966),
(29, '2023-06-15', 'Debit', 2605, 18361),
(30, '2020-04-19', 'Credit', 4891, 47259),
(30, '2022-07-26', 'Credit', 4224, 51483),
(30, '2021-01-05', 'Debit', 4114, 47369),
(30, '2022-12-17', 'Debit', 1753, 45616),
(30, '2023-04-13', 'Credit', 2207, 47823),
(30, '2021-10-19', 'Credit', 626, 48449),
(30, '2020-03-16', 'Credit', 3542, 51991),
(30, '2022-11-07', 'Credit', 574, 52565),
(31, '2022-03-08', 'Debit', 277, 11825),
(31, '2021-07-18', 'Credit', 2795, 14620),
(31, '2020-07-26', 'Debit', 1538, 13082),
(31, '2023-09-19', 'Credit', 2840, 15922),
(31, '2022-08-16', 'Credit', 218, 16140),
(32, '2021-07-05', 'Debit', 1818, 4623),
(32, '2020-04-16', 'Debit', 1076, 3547),
(32, '2023-02-16', 'Debit', 3547, 0),
(32, '2023-03-15', 'Debit', 0, 0),
(32, '2022-09-02', 'Credit', 2197, 2197),
(32, '2020-10-08', 'Credit', 2667, 4864),
(32, '2020-06-23', 'Credit', 749, 5613),
(32, '2023-06-17', 'Credit', 2743, 8356),
(32, '2023-12-06', 'Credit', 1617, 9973),
(33, '2023-03-03', 'Debit', 2720, 12718),
(33, '2020-06-18', 'Debit', 1749, 10969),
(33, '2021-07-15', 'Credit', 1187, 12156),
(33, '2020-08-12', 'Debit', 4204, 7952),
(33, '2022-02-23', 'Debit', 133, 7819),
(33, '2022-03-28', 'Credit', 1741, 9560),
(34, '2022-08-07', 'Credit', 2749, 29985),
(34, '2020-04-19', 'Credit', 1738, 31723),
(34, '2020-07-20', 'Debit', 1505, 30218),
(34, '2022-02-19', 'Debit', 4518, 25700),
(34, '2020-01-07', 'Credit', 905, 26605),
(34, '2021-11-04', 'Debit', 3710, 22895),
(34, '2020-01-02', 'Debit', 1927, 20968),
(34, '2023-08-05', 'Credit', 701, 21669),
(34, '2020-03-10', 'Credit', 3641, 25310),
(34, '2023-04-14', 'Credit', 3328, 28638),
(34, '2023-03-03', 'Debit', 398, 28240),
(35, '2020-01-05', 'Credit', 900, 20586),
(35, '2020-06-27', 'Debit', 1490, 19096),
(35, '2022-03-13', 'Credit', 2929, 22025),
(35, '2021-11-27', 'Debit', 2459, 19566),
(35, '2023-06-05', 'Credit', 4949, 24515),
(35, '2021-06-09', 'Debit', 1900, 22615),
(35, '2023-02-07', 'Credit', 2174, 24789),
(35, '2020-06-19', 'Credit', 3049, 27838),
(35, '2022-12-08', 'Credit', 2783, 30621),
(35, '2020-06-11', 'Credit', 2832, 33453),
(35, '2020-03-06', 'Credit', 2198, 35651),
(35, '2023-10-18', 'Credit', 2076, 37727),
(35, '2022-08-04', 'Credit', 1727, 39454),
(35, '2021-02-06', 'Debit', 4165, 35289),
(36, '2023-09-02', 'Debit', 3642, 38976),
(36, '2021-02-16', 'Credit', 4838, 43814),
(36, '2023-11-01', 'Credit', 2598, 46412),
(36, '2020-03-22', 'Debit', 1393, 45019),
(36, '2022-05-03', 'Debit', 529, 44490),
(36, '2021-07-14', 'Credit', 2902, 47392),
(36, '2020-09-28', 'Credit', 1095, 48487),
(36, '2023-12-04', 'Debit', 3567, 44920),
(36, '2022-05-01', 'Credit', 1175, 46095),
(36, '2020-02-23', 'Credit', 4081, 50176),
(37, '2022-08-27', 'Credit', 596, 29084),
(37, '2022-03-10', 'Debit', 4141, 24943),
(37, '2022-04-11', 'Debit', 3902, 21041),
(37, '2020-11-11', 'Credit', 1960, 23001),
(37, '2020-11-09', 'Credit', 3059, 26060),
(37, '2020-07-15', 'Credit', 718, 26778),
(37, '2022-03-01', 'Credit', 2471, 29249),
(37, '2020-05-04', 'Credit', 1273, 30522),
(38, '2023-03-05', 'Debit', 1713, 35096),
(38, '2020-11-20', 'Credit', 631, 35727),
(38, '2023-05-21', 'Credit', 3171, 38898),
(38, '2023-05-11', 'Credit', 4041, 42939),
(38, '2022-08-08', 'Debit', 1788, 41151),
(38, '2021-07-05', 'Debit', 2264, 38887),
(39, '2021-04-18', 'Debit', 919, 13914),
(39, '2020-12-09', 'Credit', 200, 14114),
(39, '2021-10-16', 'Debit', 3661, 10453),
(39, '2020-01-02', 'Credit', 379, 10832),
(39, '2023-06-15', 'Debit', 2273, 8559),
(39, '2021-03-02', 'Debit', 4379, 4180),
(40, '2021-10-10', 'Credit', 4023, 12040),
(40, '2022-10-18', 'Debit', 1928, 10112),
(40, '2022-01-07', 'Debit', 1970, 8142),
(40, '2022-04-15', 'Debit', 967, 7175),
(40, '2023-10-27', 'Credit', 817, 7992),
(40, '2023-08-01', 'Debit', 2562, 5430),
(40, '2022-11-04', 'Debit', 3810, 1620),
(40, '2022-07-01', 'Credit', 3907, 5527),
(41, '2023-01-04', 'Debit', 4941, 6241),
(41, '2021-12-28', 'Credit', 4930, 11171),
(41, '2022-12-22', 'Credit', 1727, 12898),
(41, '2023-01-24', 'Credit', 2240, 15138),
(41, '2022-03-20', 'Credit', 4956, 20094),
(41, '2020-06-06', 'Debit', 3804, 16290),
(41, '2020-09-22', 'Debit', 3919, 12371),
(41, '2020-09-04', 'Credit', 427, 12798),
(41, '2020-07-06', 'Credit', 3141, 15939),
(41, '2020-06-21', 'Debit', 3384, 12555),
(41, '2023-06-22', 'Debit', 3962, 8593),
(41, '2020-01-01', 'Credit', 4782, 13375),
(42, '2020-06-15', 'Credit', 1669, 24655),
(42, '2023-08-22', 'Credit', 3787, 28442),
(42, '2023-11-27', 'Credit', 644, 29086),
(42, '2023-05-04', 'Credit', 317, 29403),
(42, '2021-02-21', 'Debit', 3937, 25466),
(42, '2020-02-11', 'Credit', 2262, 27728),
(42, '2023-10-09', 'Credit', 3333, 31061),
(42, '2022-07-22', 'Credit', 937, 31998),
(42, '2022-10-21', 'Credit', 4539, 36537),
(42, '2021-04-10', 'Debit', 1928, 34609),
(42, '2022-03-10', 'Credit', 2824, 37433),
(42, '2021-04-25', 'Credit', 206, 37639),
(42, '2021-02-28', 'Debit', 3690, 33949),
(43, '2020-04-15', 'Credit', 4245, 44149),
(43, '2022-12-04', 'Debit', 4563, 39586),
(43, '2022-12-13', 'Debit', 3601, 35985),
(43, '2023-02-24', 'Credit', 4520, 40505),
(43, '2020-10-01', 'Credit', 2033, 42538),
(43, '2023-11-14', 'Credit', 3482, 46020),
(43, '2022-02-23', 'Debit', 2632, 43388),
(43, '2023-11-18', 'Debit', 351, 43037),
(43, '2022-04-01', 'Debit', 560, 42477),
(43, '2023-12-27', 'Debit', 1994, 40483),
(44, '2022-11-23', 'Credit', 906, 14672),
(44, '2023-06-03', 'Credit', 3083, 17755),
(44, '2021-01-11', 'Debit', 3990, 13765),
(44, '2020-11-07', 'Debit', 358, 13407),
(44, '2022-02-03', 'Credit', 4874, 18281),
(44, '2020-12-22', 'Debit', 663, 17618),
(45, '2021-08-06', 'Credit', 3682, 20987),
(45, '2022-05-01', 'Credit', 831, 21818),
(45, '2023-02-19', 'Credit', 4797, 26615),
(45, '2022-06-26', 'Debit', 509, 26106),
(45, '2021-10-09', 'Debit', 3951, 22155),
(45, '2022-12-19', 'Credit', 4746, 26901),
(45, '2023-03-27', 'Debit', 4993, 21908),
(45, '2020-01-05', 'Credit', 2541, 24449),
(45, '2021-07-05', 'Debit', 4963, 19486),
(45, '2023-05-07', 'Credit', 3577, 23063),
(45, '2020-06-13', 'Credit', 2163, 25226),
(45, '2021-10-11', 'Debit', 4618, 20608),
(45, '2023-10-01', 'Credit', 4444, 25052),
(45, '2023-04-26', 'Debit', 606, 24446),
(45, '2021-12-09', 'Debit', 3447, 20999),
(46, '2020-10-01', 'Credit', 3761, 12137),
(46, '2020-11-16', 'Debit', 985, 11152),
(46, '2022-12-26', 'Credit', 3000, 14152),
(46, '2022-05-04', 'Debit', 3282, 10870),
(46, '2021-02-08', 'Credit', 350, 11220),
(46, '2021-07-24', 'Credit', 3050, 14270),
(47, '2020-02-22', 'Credit', 4771, 33406),
(47, '2020-07-16', 'Credit', 3165, 36571),
(47, '2021-04-08', 'Credit', 3469, 40040),
(47, '2022-02-05', 'Debit', 3168, 36872),
(47, '2023-12-07', 'Debit', 1894, 34978),
(47, '2021-09-25', 'Debit', 4754, 30224),
(47, '2022-03-09', 'Credit', 664, 30888),
(47, '2023-09-10', 'Debit', 2386, 28502),
(47, '2021-07-08', 'Credit', 2341, 30843),
(47, '2022-11-17', 'Debit', 994, 29849),
(48, '2020-09-23', 'Credit', 1645, 19593),
(48, '2023-06-18', 'Debit', 1038, 18555),
(48, '2022-05-01', 'Credit', 1964, 20519),
(48, '2023-03-12', 'Debit', 3147, 17372),
(48, '2022-12-26', 'Credit', 2140, 19512),
(48, '2020-01-27', 'Debit', 4559, 14953),
(48, '2020-01-18', 'Credit', 3188, 18141),
(48, '2022-10-01', 'Debit', 2307, 15834),
(49, '2023-12-25', 'Credit', 4065, 28283),
(49, '2020-06-05', 'Debit', 4112, 24171),
(49, '2020-11-27', 'Credit', 1935, 26106),
(49, '2023-05-13', 'Debit', 4126, 21980),
(49, '2023-06-11', 'Credit', 368, 22348),
(49, '2023-03-25', 'Debit', 2010, 20338),
(49, '2021-01-15', 'Debit', 4093, 16245),
(50, '2021-07-18', 'Credit', 700, 6940),
(50, '2023-08-17', 'Credit', 1333, 8273),
(50, '2020-06-27', 'Credit', 3650, 11923),
(50, '2023-04-09', 'Debit', 1105, 10818),
(50, '2020-04-03', 'Debit', 3701, 7117),
(50, '2021-02-28', 'Debit', 3161, 3956),
(50, '2021-06-12', 'Credit', 2913, 6869),
(50, '2021-11-13', 'Credit', 3684, 10553),
(50, '2023-05-01', 'Credit', 3624, 14177),
(50, '2022-05-14', 'Debit', 2179, 11998),
(50, '2022-07-06', 'Credit', 937, 12935),
(50, '2021-01-14', 'Debit', 3360, 9575),
(50, '2021-01-04', 'Debit', 2039, 7536),
(50, '2021-01-08', 'Credit', 4839, 12375),
(50, '2022-01-17', 'Credit', 1684, 14059)

INSERT INTO Transactions (AccountID, TransactionDate, TransactionType, Amount, BalanceAfterTransaction) VALUES
(51, '2020-06-15', 'Debit', 4554, 37195),
(51, '2022-08-17', 'Debit', 4979, 32216),
(51, '2023-09-24', 'Debit', 3335, 28881),
(51, '2022-03-26', 'Debit', 1311, 27570),
(51, '2021-07-03', 'Debit', 1764, 25806),
(51, '2020-05-19', 'Credit', 3457, 29263),
(51, '2022-10-27', 'Credit', 1459, 30722),
(51, '2020-06-27', 'Debit', 2790, 27932),
(51, '2022-02-07', 'Debit', 3549, 24383),
(51, '2023-01-09', 'Credit', 1169, 25552),
(52, '2022-06-24', 'Credit', 3071, 7232),
(52, '2023-01-05', 'Credit', 4294, 11526),
(52, '2020-02-10', 'Debit', 1844, 9682),
(52, '2020-08-14', 'Credit', 4759, 14441),
(52, '2020-09-22', 'Debit', 3853, 10588),
(52, '2020-10-06', 'Debit', 1198, 9390),
(52, '2020-02-03', 'Debit', 1852, 7538),
(52, '2021-04-28', 'Debit', 434, 7104),
(52, '2023-11-13', 'Credit', 1919, 9023),
(52, '2020-08-10', 'Debit', 4172, 4851),
(52, '2021-02-26', 'Credit', 3535, 8386),
(52, '2021-04-23', 'Debit', 1403, 6983),
(52, '2021-09-21', 'Credit', 3340, 10323),
(52, '2023-10-19', 'Credit', 4453, 14776),
(52, '2022-11-17', 'Credit', 1167, 15943),
(53, '2021-12-11', 'Credit', 3894, 50572),
(53, '2022-05-14', 'Debit', 1578, 48994),
(53, '2020-12-09', 'Debit', 1204, 47790),
(53, '2023-01-10', 'Debit', 1242, 46548),
(53, '2020-06-22', 'Credit', 3805, 50353),
(53, '2022-11-28', 'Credit', 326, 50679),
(53, '2023-11-12', 'Debit', 4762, 45917),
(53, '2021-12-22', 'Debit', 4699, 41218),
(53, '2021-04-22', 'Debit', 3202, 38016),
(53, '2020-06-20', 'Debit', 2818, 35198),
(54, '2020-03-27', 'Debit', 2065, 22550),
(54, '2022-05-10', 'Debit', 2743, 19807),
(54, '2021-02-05', 'Debit', 799, 19008),
(54, '2020-11-06', 'Debit', 1438, 17570),
(54, '2021-04-04', 'Credit', 1075, 18645),
(54, '2023-01-26', 'Debit', 430, 18215),
(54, '2023-09-12', 'Credit', 475, 18690),
(54, '2022-08-24', 'Debit', 3326, 15364),
(54, '2020-11-26', 'Credit', 3489, 18853),
(54, '2022-07-28', 'Debit', 3440, 15413),
(54, '2021-01-01', 'Debit', 498, 14915),
(54, '2021-03-18', 'Debit', 1277, 13638),
(54, '2022-11-05', 'Debit', 717, 12921),
(55, '2023-02-04', 'Credit', 311, 48289),
(55, '2020-12-17', 'Credit', 3602, 51891),
(55, '2020-06-04', 'Credit', 4918, 56809),
(55, '2023-08-08', 'Debit', 4719, 52090),
(55, '2020-09-21', 'Debit', 1676, 50414),
(56, '2021-03-15', 'Credit', 2202, 39657),
(56, '2023-04-18', 'Credit', 752, 40409),
(56, '2023-11-21', 'Credit', 1260, 41669),
(56, '2021-08-07', 'Credit', 1472, 43141),
(56, '2022-10-03', 'Credit', 127, 43268),
(56, '2021-03-07', 'Debit', 2488, 40780),
(56, '2020-07-01', 'Debit', 2859, 37921),
(56, '2021-10-04', 'Credit', 772, 38693),
(56, '2023-09-05', 'Debit', 3988, 34705),
(57, '2023-03-22', 'Credit', 2807, 32487),
(57, '2020-03-01', 'Debit', 3227, 29260),
(57, '2022-10-24', 'Credit', 2167, 31427),
(57, '2020-12-24', 'Debit', 2517, 28910),
(57, '2021-08-11', 'Debit', 2808, 26102),
(57, '2020-06-04', 'Debit', 3091, 23011),
(57, '2020-09-19', 'Debit', 4848, 18163),
(57, '2022-06-20', 'Debit', 218, 17945),
(57, '2020-05-06', 'Credit', 4498, 22443),
(57, '2022-06-17', 'Debit', 4928, 17515),
(57, '2023-10-06', 'Credit', 4777, 22292),
(58, '2020-10-26', 'Debit', 4338, 21830),
(58, '2020-12-17', 'Debit', 2425, 19405),
(58, '2023-10-02', 'Credit', 567, 19972),
(58, '2020-02-09', 'Debit', 2727, 17245),
(58, '2021-10-15', 'Credit', 1524, 18769),
(58, '2022-01-15', 'Credit', 3984, 22753),
(58, '2020-07-10', 'Credit', 439, 23192),
(58, '2022-12-17', 'Debit', 2293, 20899),
(58, '2020-11-21', 'Credit', 1830, 22729),
(58, '2020-11-20', 'Debit', 3602, 19127),
(58, '2021-01-26', 'Debit', 1400, 17727),
(58, '2021-11-02', 'Credit', 3568, 21295),
(59, '2023-11-22', 'Credit', 502, 45333),
(59, '2020-02-17', 'Debit', 129, 45204),
(59, '2021-01-02', 'Credit', 2546, 47750),
(59, '2023-08-02', 'Debit', 4933, 42817),
(59, '2023-06-09', 'Debit', 714, 42103),
(59, '2022-06-15', 'Debit', 824, 41279),
(59, '2020-11-17', 'Credit', 775, 42054),
(59, '2022-04-16', 'Credit', 423, 42477),
(60, '2023-04-14', 'Credit', 2784, 51296),
(60, '2022-09-10', 'Debit', 1953, 49343),
(60, '2021-09-05', 'Credit', 895, 50238),
(60, '2021-01-22', 'Debit', 441, 49797),
(60, '2023-07-17', 'Credit', 278, 50075),
(60, '2023-06-16', 'Debit', 174, 49901),
(61, '2020-03-07', 'Credit', 1270, 32012),
(61, '2022-02-02', 'Debit', 3977, 28035),
(61, '2020-11-04', 'Credit', 2256, 30291),
(61, '2021-08-04', 'Credit', 564, 30855),
(61, '2020-06-17', 'Debit', 2410, 28445),
(61, '2021-11-07', 'Credit', 202, 28647),
(61, '2023-04-19', 'Credit', 3144, 31791),
(61, '2023-04-12', 'Debit', 2185, 29606),
(61, '2022-05-08', 'Debit', 3658, 25948),
(61, '2020-10-18', 'Debit', 611, 25337),
(61, '2022-02-15', 'Credit', 2957, 28294),
(62, '2023-07-13', 'Credit', 883, 21474),
(62, '2021-07-07', 'Credit', 1815, 23289),
(62, '2022-04-20', 'Credit', 3786, 27075),
(62, '2022-08-20', 'Credit', 1081, 28156),
(62, '2022-09-07', 'Debit', 949, 27207),
(62, '2021-01-22', 'Debit', 1107, 26100),
(62, '2020-06-13', 'Debit', 3846, 22254),
(62, '2021-06-13', 'Debit', 3486, 18768),
(62, '2020-08-12', 'Credit', 4659, 23427),
(62, '2022-08-22', 'Credit', 2856, 26283),
(62, '2021-10-16', 'Credit', 783, 27066),
(63, '2020-02-23', 'Debit', 3648, 13151),
(63, '2021-07-24', 'Debit', 1016, 12135),
(63, '2020-11-21', 'Credit', 4363, 16498),
(63, '2022-03-15', 'Debit', 4095, 12403),
(63, '2022-09-17', 'Debit', 2301, 10102),
(63, '2023-06-26', 'Debit', 2826, 7276),
(63, '2022-08-19', 'Debit', 2891, 4385),
(63, '2021-10-10', 'Debit', 1980, 2405),
(63, '2020-07-10', 'Debit', 354, 2051),
(63, '2021-01-17', 'Credit', 969, 3020),
(63, '2022-04-11', 'Credit', 2571, 5591),
(63, '2020-01-22', 'Credit', 4359, 9950),
(63, '2023-04-20', 'Debit', 4509, 5441),
(63, '2023-11-12', 'Debit', 332, 5109),
(63, '2022-07-24', 'Debit', 2191, 2918),
(64, '2020-12-08', 'Credit', 3746, 11621),
(64, '2022-04-18', 'Debit', 2664, 8957),
(64, '2021-02-11', 'Debit', 2637, 6320),
(64, '2021-03-13', 'Credit', 3598, 9918),
(64, '2023-02-02', 'Credit', 2219, 12137),
(64, '2021-11-28', 'Credit', 1435, 13572),
(64, '2020-01-28', 'Debit', 1876, 11696),
(64, '2023-06-16', 'Credit', 718, 12414),
(64, '2021-01-25', 'Credit', 2170, 14584),
(64, '2021-05-18', 'Debit', 4187, 10397),
(64, '2021-04-04', 'Debit', 2968, 7429),
(64, '2021-05-09', 'Credit', 4888, 12317),
(64, '2023-03-26', 'Debit', 3305, 9012),
(64, '2023-10-17', 'Debit', 4385, 4627),
(64, '2023-01-03', 'Debit', 1942, 2685),
(65, '2022-02-27', 'Debit', 483, 19153),
(65, '2022-01-15', 'Credit', 2084, 21237),
(65, '2022-12-16', 'Debit', 3231, 18006),
(65, '2020-09-26', 'Debit', 2513, 15493),
(65, '2022-07-18', 'Debit', 4818, 10675),
(65, '2020-09-01', 'Credit', 3529, 14204),
(65, '2020-11-22', 'Credit', 2238, 16442),
(65, '2020-09-15', 'Debit', 1254, 15188),
(65, '2022-08-06', 'Debit', 3590, 11598),
(65, '2022-11-01', 'Credit', 405, 12003),
(66, '2023-11-25', 'Credit', 4267, 20988),
(66, '2020-07-15', 'Credit', 2847, 23835),
(66, '2021-06-03', 'Credit', 2993, 26828),
(66, '2021-05-05', 'Debit', 2528, 24300),
(66, '2023-08-14', 'Credit', 4835, 29135),
(66, '2020-07-12', 'Debit', 3528, 25607),
(66, '2020-04-07', 'Credit', 4371, 29978),
(66, '2022-04-26', 'Debit', 2951, 27027),
(66, '2022-11-24', 'Debit', 1670, 25357),
(66, '2021-03-23', 'Credit', 922, 26279),
(67, '2023-12-17', 'Credit', 4728, 6469),
(67, '2022-07-19', 'Debit', 111, 6358),
(67, '2021-01-11', 'Debit', 1177, 5181),
(67, '2023-04-21', 'Credit', 3945, 9126),
(67, '2021-10-16', 'Debit', 1191, 7935),
(67, '2023-03-17', 'Debit', 2391, 5544),
(67, '2023-07-12', 'Debit', 3356, 2188),
(67, '2021-08-01', 'Debit', 2188, 0),
(67, '2023-11-13', 'Debit', 0, 0),
(67, '2020-10-06', 'Credit', 4713, 4713),
(67, '2022-11-27', 'Debit', 2445, 2268),
(67, '2022-07-28', 'Debit', 2268, 0),
(67, '2020-10-02', 'Debit', 0, 0),
(67, '2020-12-10', 'Debit', 0, 0),
(68, '2021-12-20', 'Credit', 3714, 50806),
(68, '2020-01-21', 'Debit', 208, 50598),
(68, '2021-11-03', 'Debit', 3805, 46793),
(68, '2022-11-24', 'Credit', 2674, 49467),
(68, '2022-09-12', 'Debit', 885, 48582),
(69, '2023-01-11', 'Credit', 2094, 36736),
(69, '2023-09-02', 'Debit', 3540, 33196),
(69, '2022-04-15', 'Credit', 4544, 37740),
(69, '2021-06-28', 'Debit', 1107, 36633),
(69, '2022-01-02', 'Credit', 2757, 39390),
(69, '2023-11-25', 'Debit', 4772, 34618),
(69, '2020-11-07', 'Credit', 1043, 35661),
(69, '2022-03-23', 'Credit', 4517, 40178),
(69, '2022-07-03', 'Credit', 341, 40519),
(69, '2021-10-17', 'Credit', 3933, 44452),
(69, '2023-05-28', 'Credit', 4405, 48857),
(69, '2023-02-22', 'Debit', 489, 48368),
(69, '2020-12-11', 'Debit', 1775, 46593),
(69, '2022-11-18', 'Credit', 1869, 48462),
(70, '2020-11-01', 'Credit', 2071, 32311),
(70, '2023-09-13', 'Credit', 3618, 35929),
(70, '2021-03-20', 'Credit', 181, 36110),
(70, '2022-02-21', 'Credit', 4941, 41051),
(70, '2022-11-17', 'Debit', 2274, 38777),
(70, '2021-02-22', 'Credit', 2013, 40790),
(70, '2020-10-13', 'Credit', 1965, 42755),
(70, '2021-11-15', 'Debit', 1723, 41032),
(70, '2021-10-07', 'Debit', 1863, 39169),
(70, '2021-05-20', 'Debit', 3008, 36161),
(71, '2020-11-26', 'Credit', 417, 48729),
(71, '2020-09-14', 'Debit', 4488, 44241),
(71, '2021-01-02', 'Credit', 4352, 48593),
(71, '2020-02-11', 'Debit', 4627, 43966),
(71, '2022-08-28', 'Credit', 4500, 48466),
(71, '2021-06-14', 'Credit', 3755, 52221),
(71, '2021-06-16', 'Credit', 1361, 53582),
(71, '2021-09-01', 'Debit', 4141, 49441),
(72, '2022-02-04', 'Debit', 3456, 45125),
(72, '2021-09-19', 'Credit', 1043, 46168),
(72, '2021-02-12', 'Debit', 1585, 44583),
(72, '2022-05-02', 'Credit', 1403, 45986),
(72, '2021-08-03', 'Debit', 4780, 41206),
(72, '2023-04-10', 'Credit', 1431, 42637),
(72, '2023-04-07', 'Debit', 838, 41799),
(72, '2021-04-09', 'Credit', 3996, 45795),
(72, '2020-03-22', 'Credit', 2030, 47825),
(72, '2020-09-04', 'Credit', 810, 48635),
(72, '2021-02-25', 'Credit', 2918, 51553),
(72, '2022-09-16', 'Debit', 852, 50701),
(72, '2022-07-11', 'Debit', 2300, 48401),
(72, '2022-07-23', 'Credit', 1342, 49743),
(72, '2021-06-25', 'Debit', 4184, 45559),
(73, '2023-02-15', 'Credit', 2626, 37842),
(73, '2021-02-19', 'Debit', 503, 37339),
(73, '2023-12-15', 'Credit', 3689, 41028),
(73, '2020-04-23', 'Debit', 1304, 39724),
(73, '2020-03-27', 'Debit', 1316, 38408),
(73, '2022-09-01', 'Debit', 246, 38162),
(73, '2023-01-02', 'Debit', 1296, 36866),
(73, '2022-03-03', 'Debit', 284, 36582),
(73, '2020-06-06', 'Credit', 2471, 39053),
(74, '2020-01-09', 'Credit', 4586, 25496),
(74, '2020-08-04', 'Debit', 3724, 21772),
(74, '2020-01-04', 'Credit', 2515, 24287),
(74, '2021-04-06', 'Credit', 704, 24991),
(74, '2020-08-26', 'Debit', 3543, 21448),
(74, '2023-10-23', 'Debit', 3551, 17897),
(74, '2023-10-05', 'Debit', 618, 17279),
(74, '2023-10-01', 'Credit', 1497, 18776),
(74, '2020-02-12', 'Credit', 789, 19565),
(74, '2020-05-09', 'Credit', 3420, 22985),
(74, '2021-02-05', 'Debit', 807, 22178),
(75, '2022-12-28', 'Debit', 4393, 41107),
(75, '2020-03-08', 'Credit', 3091, 44198),
(75, '2021-09-16', 'Credit', 4389, 48587),
(75, '2023-04-10', 'Credit', 331, 48918),
(75, '2021-07-19', 'Debit', 1624, 47294),
(75, '2021-03-03', 'Debit', 4766, 42528),
(75, '2022-11-28', 'Debit', 4384, 38144),
(75, '2023-02-18', 'Debit', 222, 37922),
(75, '2021-08-11', 'Credit', 785, 38707),
(75, '2022-12-25', 'Credit', 2570, 41277),
(75, '2022-12-27', 'Debit', 1993, 39284),
(75, '2022-08-17', 'Debit', 1528, 37756),
(75, '2020-09-06', 'Debit', 2483, 35273),
(76, '2022-12-16', 'Debit', 2032, 41810),
(76, '2023-02-20', 'Credit', 384, 42194),
(76, '2021-07-22', 'Credit', 3228, 45422),
(76, '2023-01-28', 'Credit', 1938, 47360),
(76, '2021-12-09', 'Debit', 321, 47039),
(76, '2022-12-07', 'Debit', 2961, 44078),
(76, '2020-03-06', 'Debit', 3465, 40613),
(76, '2021-12-09', 'Credit', 4975, 45588),
(76, '2022-08-18', 'Debit', 1046, 44542),
(76, '2020-09-07', 'Credit', 3224, 47766),
(76, '2021-10-08', 'Debit', 4811, 42955),
(76, '2021-07-07', 'Debit', 952, 42003),
(76, '2022-09-14', 'Credit', 1782, 43785),
(76, '2021-10-20', 'Debit', 3641, 40144),
(77, '2020-05-26', 'Credit', 941, 44438),
(77, '2023-07-05', 'Debit', 1777, 42661),
(77, '2021-11-21', 'Credit', 4716, 47377),
(77, '2020-10-01', 'Credit', 3709, 51086),
(77, '2020-08-20', 'Credit', 1551, 52637),
(77, '2021-05-14', 'Debit', 3312, 49325),
(77, '2022-10-20', 'Debit', 1899, 47426),
(77, '2022-05-11', 'Credit', 1517, 48943),
(77, '2021-02-22', 'Credit', 2572, 51515),
(77, '2020-05-17', 'Credit', 1484, 52999),
(78, '2023-07-14', 'Debit', 3702, 20336),
(78, '2022-05-12', 'Debit', 2535, 17801),
(78, '2020-06-09', 'Credit', 2858, 20659),
(78, '2023-05-18', 'Debit', 2216, 18443),
(78, '2020-06-01', 'Debit', 622, 17821),
(78, '2020-01-22', 'Credit', 3990, 21811),
(78, '2020-07-15', 'Debit', 2435, 19376),
(78, '2023-01-03', 'Credit', 2516, 21892),
(78, '2023-04-05', 'Credit', 4993, 26885),
(78, '2021-03-09', 'Debit', 3235, 23650),
(78, '2020-01-15', 'Credit', 1619, 25269),
(78, '2021-08-25', 'Debit', 1516, 23753),
(78, '2022-10-22', 'Credit', 1694, 25447),
(78, '2020-02-21', 'Credit', 951, 26398),
(79, '2020-09-17', 'Credit', 1100, 28832),
(79, '2021-11-09', 'Debit', 3337, 25495),
(79, '2021-04-04', 'Debit', 2387, 23108),
(79, '2022-04-25', 'Debit', 1141, 21967),
(79, '2023-05-24', 'Credit', 3784, 25751),
(79, '2023-04-16', 'Credit', 3309, 29060),
(79, '2023-02-12', 'Debit', 227, 28833),
(79, '2021-01-07', 'Debit', 4351, 24482),
(79, '2021-01-25', 'Debit', 306, 24176),
(79, '2023-06-14', 'Credit', 2988, 27164),
(79, '2022-08-11', 'Debit', 1239, 25925),
(79, '2023-12-06', 'Credit', 1639, 27564),
(79, '2020-03-26', 'Credit', 3508, 31072),
(79, '2020-11-04', 'Credit', 2103, 33175),
(79, '2023-09-26', 'Credit', 3042, 36217),
(80, '2021-01-15', 'Credit', 352, 40332),
(80, '2022-08-25', 'Credit', 1494, 41826),
(80, '2022-12-04', 'Debit', 932, 40894),
(80, '2023-10-16', 'Credit', 1459, 42353),
(80, '2020-11-08', 'Credit', 1794, 44147),
(80, '2023-02-08', 'Credit', 4876, 49023),
(81, '2020-05-18', 'Credit', 1682, 6364),
(81, '2021-06-17', 'Debit', 4149, 2215),
(81, '2023-12-20', 'Debit', 2215, 0),
(81, '2022-01-19', 'Credit', 3079, 3079),
(81, '2020-07-04', 'Debit', 2234, 845),
(81, '2023-06-04', 'Credit', 3000, 3845),
(81, '2023-11-04', 'Credit', 2472, 6317),
(81, '2022-10-23', 'Credit', 3370, 9687),
(81, '2021-04-21', 'Credit', 2222, 11909),
(81, '2022-02-12', 'Debit', 1003, 10906),
(81, '2020-11-27', 'Debit', 1976, 8930),
(81, '2022-02-18', 'Credit', 3811, 12741),
(81, '2021-07-25', 'Credit', 4386, 17127),
(81, '2021-07-08', 'Debit', 3708, 13419),
(82, '2021-05-12', 'Credit', 718, 28031),
(82, '2023-10-18', 'Debit', 2041, 25990),
(82, '2023-11-02', 'Credit', 1255, 27245),
(82, '2022-10-10', 'Credit', 4709, 31954),
(82, '2023-05-13', 'Credit', 929, 32883),
(82, '2020-10-04', 'Credit', 1574, 34457),
(82, '2021-09-14', 'Credit', 498, 34955),
(82, '2020-03-06', 'Credit', 3321, 38276),
(82, '2023-01-23', 'Debit', 1952, 36324),
(82, '2020-02-03', 'Debit', 4799, 31525),
(82, '2022-01-18', 'Credit', 4452, 35977),
(82, '2023-09-11', 'Credit', 2643, 38620),
(82, '2020-11-19', 'Credit', 429, 39049),
(82, '2022-01-26', 'Debit', 772, 38277),
(83, '2021-12-10', 'Debit', 3086, 38706),
(83, '2022-02-25', 'Credit', 4002, 42708),
(83, '2023-08-14', 'Debit', 1084, 41624),
(83, '2021-05-20', 'Debit', 1990, 39634),
(83, '2020-10-09', 'Debit', 209, 39425),
(83, '2021-07-08', 'Credit', 559, 39984),
(83, '2021-06-01', 'Credit', 902, 40886),
(83, '2022-04-02', 'Credit', 4985, 45871),
(83, '2020-08-11', 'Credit', 1050, 46921),
(83, '2021-12-23', 'Credit', 4069, 50990),
(83, '2020-06-14', 'Credit', 2063, 53053),
(83, '2020-03-19', 'Debit', 4614, 48439),
(84, '2020-09-02', 'Credit', 2874, 23470),
(84, '2022-05-06', 'Debit', 4374, 19096),
(84, '2020-02-05', 'Credit', 1158, 20254),
(84, '2023-08-10', 'Debit', 1995, 18259),
(84, '2021-04-06', 'Credit', 2590, 20849),
(84, '2022-09-07', 'Debit', 3323, 17526),
(84, '2022-12-16', 'Credit', 3836, 21362),
(84, '2020-07-06', 'Debit', 4804, 16558),
(84, '2021-02-27', 'Debit', 4199, 12359),
(84, '2020-01-10', 'Debit', 4388, 7971),
(84, '2020-11-24', 'Debit', 2927, 5044),
(85, '2020-10-24', 'Debit', 4061, 29732),
(85, '2023-01-08', 'Credit', 2390, 32122),
(85, '2023-03-25', 'Credit', 4319, 36441),
(85, '2021-08-06', 'Debit', 1943, 34498),
(85, '2020-01-11', 'Debit', 3325, 31173),
(85, '2020-02-14', 'Credit', 2403, 33576),
(85, '2023-01-14', 'Credit', 4305, 37881),
(85, '2022-07-09', 'Debit', 190, 37691),
(85, '2022-02-09', 'Debit', 2951, 34740),
(85, '2020-06-07', 'Credit', 4638, 39378),
(85, '2022-12-12', 'Credit', 269, 39647),
(86, '2020-09-25', 'Credit', 2040, 33431),
(86, '2022-10-15', 'Credit', 2040, 35471),
(86, '2021-06-17', 'Credit', 3088, 38559),
(86, '2020-03-06', 'Debit', 3713, 34846),
(86, '2023-07-16', 'Debit', 4251, 30595),
(86, '2020-06-24', 'Debit', 1430, 29165),
(87, '2020-06-23', 'Credit', 1183, 16155),
(87, '2021-03-16', 'Credit', 239, 16394),
(87, '2021-07-10', 'Debit', 357, 16037),
(87, '2021-07-13', 'Debit', 2465, 13572),
(87, '2022-08-18', 'Debit', 3017, 10555),
(87, '2020-04-01', 'Debit', 1284, 9271),
(87, '2022-02-17', 'Credit', 162, 9433),
(87, '2020-05-18', 'Debit', 2828, 6605),
(87, '2022-08-01', 'Credit', 1524, 8129),
(88, '2020-06-09', 'Credit', 315, 8064),
(88, '2021-11-11', 'Debit', 448, 7616),
(88, '2022-11-19', 'Credit', 2473, 10089),
(88, '2023-05-21', 'Credit', 1498, 11587),
(88, '2021-08-16', 'Credit', 3279, 14866),
(88, '2020-03-02', 'Credit', 4275, 19141),
(88, '2023-07-03', 'Debit', 1278, 17863),
(88, '2022-07-06', 'Debit', 4312, 13551),
(89, '2021-01-06', 'Debit', 4366, 27395),
(89, '2020-11-05', 'Debit', 1480, 25915),
(89, '2023-12-03', 'Debit', 3606, 22309),
(89, '2021-03-09', 'Debit', 1537, 20772),
(89, '2020-02-15', 'Debit', 1421, 19351),
(89, '2020-04-13', 'Debit', 1095, 18256),
(89, '2022-03-17', 'Debit', 4582, 13674),
(90, '2023-03-07', 'Debit', 3976, 32414),
(90, '2020-05-06', 'Debit', 4997, 27417),
(90, '2021-04-06', 'Credit', 4443, 31860),
(90, '2021-08-06', 'Debit', 3947, 27913),
(90, '2021-11-20', 'Debit', 3349, 24564),
(90, '2020-12-19', 'Debit', 616, 23948),
(90, '2021-09-10', 'Credit', 2418, 26366),
(90, '2023-06-13', 'Debit', 3387, 22979),
(90, '2023-04-14', 'Credit', 4160, 27139),
(91, '2021-06-02', 'Credit', 2501, 42361),
(91, '2021-12-25', 'Debit', 1010, 41351),
(91, '2022-07-19', 'Debit', 3059, 38292),
(91, '2022-11-16', 'Debit', 3525, 34767),
(91, '2022-07-19', 'Debit', 4611, 30156),
(91, '2021-08-18', 'Debit', 2724, 27432),
(91, '2021-10-09', 'Debit', 4579, 22853),
(91, '2020-02-04', 'Debit', 1858, 20995),
(91, '2020-04-16', 'Debit', 1038, 19957),
(91, '2023-09-15', 'Debit', 2134, 17823),
(91, '2023-10-21', 'Credit', 4495, 22318),
(91, '2022-09-01', 'Debit', 3128, 19190),
(91, '2022-02-11', 'Debit', 2224, 16966),
(91, '2021-07-18', 'Debit', 3739, 13227),
(92, '2022-01-04', 'Debit', 435, 38649),
(92, '2023-06-16', 'Credit', 3421, 42070),
(92, '2023-08-07', 'Credit', 4966, 47036),
(92, '2023-04-04', 'Debit', 3963, 43073),
(92, '2022-05-05', 'Debit', 4963, 38110),
(92, '2022-09-14', 'Debit', 2018, 36092),
(92, '2021-04-19', 'Credit', 2022, 38114),
(92, '2022-11-28', 'Credit', 280, 38394),
(92, '2020-06-26', 'Credit', 3290, 41684),
(92, '2020-06-11', 'Credit', 3918, 45602),
(93, '2020-08-04', 'Debit', 2579, 25269),
(93, '2022-08-05', 'Credit', 2456, 27725),
(93, '2020-04-24', 'Debit', 1474, 26251),
(93, '2020-07-09', 'Credit', 575, 26826),
(93, '2022-01-19', 'Credit', 2244, 29070),
(93, '2023-02-06', 'Credit', 1768, 30838),
(94, '2020-04-20', 'Credit', 990, 11704),
(94, '2021-01-26', 'Debit', 4068, 7636),
(94, '2020-04-24', 'Credit', 2235, 9871),
(94, '2020-04-04', 'Credit', 985, 10856),
(94, '2022-05-20', 'Credit', 4945, 15801),
(94, '2022-10-10', 'Credit', 1199, 17000),
(94, '2021-01-19', 'Credit', 1737, 18737),
(94, '2022-01-25', 'Debit', 1779, 16958),
(94, '2021-12-14', 'Debit', 1149, 15809),
(95, '2021-06-16', 'Credit', 2625, 13422),
(95, '2022-07-23', 'Credit', 2560, 15982),
(95, '2020-03-23', 'Credit', 4866, 20848),
(95, '2023-10-23', 'Credit', 509, 21357),
(95, '2023-12-26', 'Debit', 1001, 20356),
(95, '2020-06-06', 'Debit', 3866, 16490),
(95, '2022-12-06', 'Credit', 1431, 17921),
(95, '2021-07-04', 'Debit', 1776, 16145),
(95, '2023-06-01', 'Credit', 4795, 20940),
(95, '2023-03-25', 'Credit', 4741, 25681),
(96, '2021-07-15', 'Debit', 598, 2946),
(96, '2022-06-12', 'Credit', 2452, 5398),
(96, '2023-09-06', 'Credit', 1238, 6636),
(96, '2023-05-23', 'Debit', 628, 6008),
(96, '2022-04-13', 'Credit', 2798, 8806),
(97, '2020-08-18', 'Debit', 598, 32119),
(97, '2020-11-04', 'Credit', 161, 32280),
(97, '2023-02-27', 'Debit', 4979, 27301),
(97, '2021-04-10', 'Credit', 1891, 29192),
(97, '2020-03-10', 'Debit', 1787, 27405),
(97, '2023-12-10', 'Credit', 2309, 29714),
(97, '2020-01-10', 'Credit', 2890, 32604),
(97, '2023-03-19', 'Debit', 4027, 28577),
(97, '2022-03-04', 'Credit', 3578, 32155),
(97, '2020-07-07', 'Debit', 3443, 28712),
(97, '2020-11-02', 'Debit', 139, 28573),
(97, '2023-09-21', 'Credit', 122, 28695),
(97, '2022-06-05', 'Debit', 2529, 26166),
(98, '2022-05-10', 'Credit', 2327, 43402),
(98, '2020-11-25', 'Credit', 4991, 48393),
(98, '2020-02-02', 'Debit', 3656, 44737),
(98, '2023-04-14', 'Credit', 4833, 49570),
(98, '2021-11-26', 'Debit', 491, 49079),
(98, '2023-05-05', 'Debit', 314, 48765),
(98, '2022-12-16', 'Credit', 3815, 52580),
(98, '2021-09-12', 'Debit', 1034, 51546),
(98, '2020-04-22', 'Debit', 1960, 49586),
(98, '2022-10-17', 'Debit', 1686, 47900),
(99, '2022-02-22', 'Debit', 3933, 23081),
(99, '2020-01-03', 'Credit', 1519, 24600),
(99, '2022-04-12', 'Credit', 4710, 29310),
(99, '2023-12-02', 'Credit', 452, 29762),
(99, '2020-11-14', 'Credit', 740, 30502),
(99, '2021-10-05', 'Credit', 4419, 34921),
(99, '2023-11-14', 'Credit', 3393, 38314),
(99, '2021-12-01', 'Debit', 1802, 36512),
(99, '2023-02-12', 'Debit', 4398, 32114),
(99, '2021-01-24', 'Debit', 223, 31891),
(100, '2020-12-08', 'Credit', 2685, 39177),
(100, '2022-04-16', 'Debit', 1797, 37380),
(100, '2021-09-12', 'Debit', 2016, 35364),
(100, '2021-07-04', 'Debit', 508, 34856),
(100, '2023-05-18', 'Debit', 2016, 32840),
(100, '2021-07-13', 'Credit', 1816, 34656),
(100, '2022-02-15', 'Credit', 1563, 36219),
(100, '2021-04-05', 'Debit', 1451, 34768)

INSERT INTO Transactions (AccountID, TransactionDate, TransactionType, Amount, BalanceAfterTransaction) VALUES
(101, '2023-03-06', 'Credit', 1905, 46124),
(101, '2020-02-09', 'Credit', 375, 46499),
(101, '2022-05-13', 'Debit', 3654, 42845),
(101, '2021-11-28', 'Debit', 4938, 37907),
(101, '2021-10-23', 'Debit', 1285, 36622),
(101, '2023-07-06', 'Debit', 3691, 32931),
(101, '2023-06-27', 'Credit', 1039, 33970),
(101, '2022-09-26', 'Credit', 2434, 36404),
(101, '2022-12-08', 'Credit', 2270, 38674),
(101, '2023-09-27', 'Credit', 1160, 39834),
(101, '2023-03-22', 'Credit', 3035, 42869),
(101, '2021-11-05', 'Credit', 430, 43299),
(101, '2023-10-27', 'Credit', 4577, 47876),
(102, '2023-10-24', 'Debit', 1819, 27141),
(102, '2020-12-15', 'Credit', 3218, 30359),
(102, '2020-01-02', 'Debit', 3007, 27352),
(102, '2021-09-23', 'Debit', 3445, 23907),
(102, '2022-11-16', 'Credit', 1600, 25507),
(102, '2023-01-04', 'Credit', 4171, 29678),
(102, '2020-09-14', 'Credit', 2474, 32152),
(102, '2021-11-14', 'Debit', 2376, 29776),
(103, '2023-02-04', 'Debit', 332, 25841),
(103, '2021-05-21', 'Debit', 3236, 22605),
(103, '2023-04-08', 'Credit', 855, 23460),
(103, '2022-09-25', 'Debit', 3995, 19465),
(103, '2023-04-04', 'Debit', 2312, 17153),
(103, '2021-10-22', 'Credit', 1600, 18753),
(103, '2020-11-24', 'Debit', 1904, 16849),
(104, '2022-04-08', 'Debit', 416, 38762),
(104, '2020-07-21', 'Debit', 1812, 36950),
(104, '2023-11-08', 'Debit', 2975, 33975),
(104, '2022-05-20', 'Debit', 3799, 30176),
(104, '2023-06-10', 'Debit', 4026, 26150),
(104, '2021-11-21', 'Credit', 4699, 30849),
(104, '2020-06-23', 'Debit', 4131, 26718),
(105, '2022-08-08', 'Credit', 838, 30407),
(105, '2023-01-21', 'Debit', 2190, 28217),
(105, '2020-07-28', 'Credit', 3614, 31831),
(105, '2023-04-22', 'Debit', 4044, 27787),
(105, '2023-04-25', 'Credit', 1346, 29133),
(105, '2023-03-23', 'Credit', 2878, 32011),
(105, '2021-01-06', 'Credit', 331, 32342),
(105, '2021-12-11', 'Credit', 120, 32462),
(105, '2022-04-04', 'Debit', 2645, 29817),
(105, '2022-11-21', 'Credit', 2344, 32161),
(106, '2020-09-05', 'Credit', 3158, 26309),
(106, '2020-10-14', 'Debit', 3827, 22482),
(106, '2022-04-19', 'Credit', 935, 23417),
(106, '2022-01-21', 'Debit', 1248, 22169),
(106, '2022-12-23', 'Credit', 3348, 25517),
(107, '2021-05-27', 'Debit', 435, 7860),
(107, '2022-11-03', 'Credit', 1344, 9204),
(107, '2022-08-14', 'Debit', 2584, 6620),
(107, '2022-08-01', 'Credit', 2454, 9074),
(107, '2020-04-21', 'Debit', 490, 8584),
(107, '2022-12-17', 'Credit', 1583, 10167),
(107, '2021-02-04', 'Debit', 3165, 7002),
(107, '2023-09-08', 'Debit', 1508, 5494),
(107, '2023-07-11', 'Credit', 4763, 10257),
(107, '2020-07-21', 'Credit', 825, 11082),
(107, '2022-06-16', 'Debit', 3565, 7517),
(108, '2020-02-06', 'Credit', 4566, 18758),
(108, '2020-07-14', 'Credit', 2614, 21372),
(108, '2022-11-21', 'Credit', 2836, 24208),
(108, '2021-07-23', 'Credit', 4120, 28328),
(108, '2022-12-24', 'Credit', 3943, 32271),
(108, '2022-03-06', 'Debit', 470, 31801),
(108, '2023-09-22', 'Debit', 3783, 28018),
(108, '2021-07-23', 'Debit', 2727, 25291),
(108, '2023-06-27', 'Credit', 3666, 28957),
(108, '2020-04-25', 'Credit', 2200, 31157),
(108, '2022-02-13', 'Debit', 1213, 29944),
(108, '2023-03-17', 'Credit', 1655, 31599),
(109, '2020-04-18', 'Debit', 4855, 35376),
(109, '2020-02-18', 'Credit', 1344, 36720),
(109, '2020-08-06', 'Debit', 332, 36388),
(109, '2022-02-27', 'Credit', 258, 36646),
(109, '2021-11-16', 'Credit', 1596, 38242),
(109, '2023-02-21', 'Debit', 986, 37256),
(109, '2020-05-20', 'Credit', 151, 37407),
(110, '2021-05-21', 'Credit', 4484, 33114),
(110, '2020-06-03', 'Debit', 232, 32882),
(110, '2021-02-15', 'Credit', 1248, 34130),
(110, '2022-02-01', 'Credit', 2999, 37129),
(110, '2020-05-03', 'Debit', 3648, 33481),
(110, '2021-12-25', 'Debit', 4225, 29256),
(110, '2021-01-09', 'Debit', 1549, 27707),
(110, '2023-10-06', 'Debit', 4892, 22815),
(110, '2021-03-08', 'Debit', 4733, 18082),
(110, '2021-10-09', 'Debit', 3057, 15025),
(111, '2020-05-21', 'Credit', 647, 26078),
(111, '2021-08-18', 'Credit', 3933, 30011),
(111, '2021-01-24', 'Credit', 3923, 33934),
(111, '2023-04-16', 'Credit', 2361, 36295),
(111, '2022-05-22', 'Debit', 1481, 34814),
(111, '2021-05-17', 'Debit', 1044, 33770),
(111, '2022-01-19', 'Debit', 3566, 30204),
(111, '2022-04-10', 'Credit', 2665, 32869),
(111, '2023-03-04', 'Debit', 4011, 28858),
(111, '2023-01-04', 'Debit', 1601, 27257),
(111, '2023-09-17', 'Credit', 812, 28069),
(111, '2020-08-16', 'Credit', 440, 28509),
(112, '2023-03-27', 'Debit', 3950, 34523),
(112, '2021-02-06', 'Debit', 2950, 31573),
(112, '2023-06-24', 'Credit', 2178, 33751),
(112, '2022-11-07', 'Debit', 2655, 31096),
(112, '2022-12-13', 'Debit', 3479, 27617),
(112, '2020-01-03', 'Debit', 1447, 26170),
(112, '2022-11-24', 'Debit', 3253, 22917),
(112, '2020-10-12', 'Credit', 669, 23586),
(112, '2023-08-24', 'Credit', 4390, 27976),
(112, '2023-10-04', 'Credit', 1753, 29729),
(112, '2021-09-08', 'Debit', 1951, 27778),
(113, '2023-04-26', 'Credit', 4067, 21343),
(113, '2023-09-20', 'Debit', 4945, 16398),
(113, '2022-08-14', 'Debit', 2320, 14078),
(113, '2023-09-16', 'Debit', 1274, 12804),
(113, '2020-03-13', 'Credit', 4651, 17455),
(113, '2021-03-16', 'Credit', 3235, 20690),
(113, '2021-09-12', 'Credit', 993, 21683),
(113, '2021-07-28', 'Credit', 289, 21972),
(113, '2020-10-09', 'Debit', 3125, 18847),
(114, '2022-08-06', 'Debit', 1777, 16052),
(114, '2022-08-14', 'Credit', 1653, 17705),
(114, '2022-10-04', 'Debit', 3900, 13805),
(114, '2021-07-07', 'Credit', 2278, 16083),
(114, '2023-02-17', 'Credit', 3256, 19339),
(114, '2020-09-07', 'Debit', 3042, 16297),
(114, '2023-06-28', 'Credit', 4059, 20356),
(114, '2022-11-23', 'Debit', 3110, 17246),
(114, '2021-03-19', 'Credit', 4083, 21329),
(115, '2022-12-05', 'Debit', 3399, 43274),
(115, '2023-06-24', 'Credit', 3307, 46581),
(115, '2021-07-01', 'Debit', 2613, 43968),
(115, '2020-03-28', 'Credit', 1341, 45309),
(115, '2020-02-08', 'Credit', 4939, 50248),
(115, '2020-05-09', 'Credit', 3273, 53521),
(115, '2022-11-19', 'Credit', 897, 54418),
(116, '2020-01-22', 'Debit', 1215, 35708),
(116, '2022-06-08', 'Credit', 3887, 39595),
(116, '2020-02-27', 'Debit', 1381, 38214),
(116, '2023-06-05', 'Credit', 930, 39144),
(116, '2022-09-24', 'Credit', 4542, 43686),
(116, '2020-05-24', 'Debit', 4590, 39096),
(116, '2023-08-25', 'Debit', 3859, 35237),
(116, '2023-05-11', 'Credit', 4347, 39584),
(116, '2023-07-03', 'Debit', 4518, 35066),
(116, '2020-08-25', 'Debit', 177, 34889),
(116, '2022-02-09', 'Credit', 844, 35733),
(116, '2020-11-16', 'Credit', 2835, 38568),
(116, '2021-11-15', 'Credit', 4305, 42873),
(116, '2021-02-11', 'Debit', 205, 42668),
(116, '2023-05-11', 'Debit', 781, 41887),
(117, '2021-03-24', 'Debit', 894, 17001),
(117, '2023-10-12', 'Credit', 4467, 21468),
(117, '2023-11-18', 'Credit', 1463, 22931),
(117, '2020-04-09', 'Debit', 4272, 18659),
(117, '2023-08-03', 'Debit', 2478, 16181),
(117, '2023-03-09', 'Debit', 723, 15458),
(117, '2022-12-11', 'Credit', 2445, 17903),
(118, '2023-08-13', 'Debit', 1400, 2328),
(118, '2020-01-24', 'Debit', 2054, 274),
(118, '2023-11-16', 'Debit', 274, 0),
(118, '2021-01-25', 'Debit', 0, 0),
(118, '2022-04-28', 'Credit', 1594, 1594),
(118, '2020-05-02', 'Debit', 1594, 0),
(118, '2022-10-27', 'Debit', 0, 0),
(118, '2021-02-25', 'Credit', 3002, 3002),
(118, '2020-06-04', 'Debit', 2134, 868),
(118, '2020-09-20', 'Credit', 342, 1210),
(118, '2022-09-01', 'Credit', 617, 1827),
(119, '2021-05-09', 'Credit', 1268, 42815),
(119, '2020-01-13', 'Debit', 852, 41963),
(119, '2023-06-28', 'Credit', 4208, 46171),
(119, '2023-03-27', 'Credit', 144, 46315),
(119, '2023-01-21', 'Debit', 1851, 44464),
(119, '2021-09-02', 'Credit', 606, 45070),
(119, '2020-02-19', 'Debit', 4176, 40894),
(119, '2022-06-02', 'Credit', 733, 41627),
(119, '2020-01-13', 'Debit', 867, 40760),
(119, '2020-12-27', 'Debit', 1066, 39694),
(119, '2021-01-01', 'Debit', 926, 38768),
(119, '2023-06-18', 'Debit', 2664, 36104),
(120, '2021-04-15', 'Credit', 4048, 12883),
(120, '2021-07-01', 'Debit', 4887, 7996),
(120, '2022-02-05', 'Credit', 1697, 9693),
(120, '2023-05-25', 'Credit', 3375, 13068),
(120, '2020-05-26', 'Debit', 3069, 9999),
(120, '2022-05-16', 'Debit', 2779, 7220),
(120, '2021-02-08', 'Debit', 454, 6766),
(120, '2022-10-03', 'Debit', 651, 6115),
(120, '2020-09-28', 'Credit', 1559, 7674),
(120, '2020-09-08', 'Debit', 2785, 4889),
(120, '2021-01-09', 'Debit', 146, 4743),
(120, '2021-02-27', 'Credit', 578, 5321),
(120, '2022-12-01', 'Credit', 3418, 8739),
(121, '2020-12-19', 'Debit', 2180, 38845),
(121, '2020-03-01', 'Debit', 1504, 37341),
(121, '2022-04-28', 'Debit', 3479, 33862),
(121, '2022-09-25', 'Debit', 4333, 29529),
(121, '2023-03-15', 'Credit', 714, 30243),
(121, '2020-01-23', 'Credit', 568, 30811),
(121, '2020-06-11', 'Credit', 106, 30917),
(121, '2020-05-17', 'Credit', 3728, 34645),
(122, '2022-11-02', 'Credit', 3933, 15507),
(122, '2022-12-05', 'Debit', 3813, 11694),
(122, '2021-01-01', 'Debit', 4673, 7021),
(122, '2021-08-10', 'Debit', 3233, 3788),
(122, '2021-09-19', 'Debit', 3179, 609),
(122, '2020-05-12', 'Credit', 1801, 2410),
(122, '2021-07-24', 'Credit', 2755, 5165),
(122, '2020-09-08', 'Debit', 3091, 2074),
(122, '2022-08-07', 'Credit', 3275, 5349),
(122, '2020-10-20', 'Credit', 3552, 8901),
(122, '2023-03-22', 'Debit', 1911, 6990),
(122, '2023-01-20', 'Debit', 4301, 2689),
(122, '2021-09-26', 'Credit', 2291, 4980),
(122, '2020-04-07', 'Debit', 2789, 2191),
(123, '2020-03-20', 'Credit', 3248, 32844),
(123, '2020-05-13', 'Credit', 457, 33301),
(123, '2023-06-27', 'Credit', 3346, 36647),
(123, '2023-06-05', 'Debit', 124, 36523),
(123, '2022-07-17', 'Credit', 1017, 37540),
(123, '2020-01-07', 'Credit', 3023, 40563),
(123, '2022-08-13', 'Debit', 1322, 39241),
(123, '2021-12-07', 'Debit', 459, 38782),
(123, '2021-10-08', 'Debit', 2706, 36076),
(123, '2023-04-01', 'Debit', 282, 35794),
(124, '2023-11-26', 'Debit', 2399, 45225),
(124, '2023-07-04', 'Debit', 2483, 42742),
(124, '2020-11-15', 'Credit', 4441, 47183),
(124, '2022-02-01', 'Credit', 1254, 48437),
(124, '2021-06-23', 'Debit', 399, 48038),
(124, '2022-03-24', 'Credit', 410, 48448),
(124, '2023-01-03', 'Debit', 526, 47922),
(124, '2020-02-12', 'Debit', 1448, 46474),
(124, '2023-11-26', 'Debit', 3419, 43055),
(125, '2023-03-20', 'Debit', 1002, 21123),
(125, '2021-02-26', 'Debit', 1810, 19313),
(125, '2023-06-08', 'Credit', 3251, 22564),
(125, '2020-02-28', 'Credit', 3226, 25790),
(125, '2020-09-08', 'Credit', 3192, 28982),
(125, '2020-06-11', 'Credit', 3955, 32937),
(125, '2020-05-13', 'Credit', 3209, 36146),
(125, '2022-02-16', 'Debit', 4183, 31963),
(125, '2022-09-15', 'Debit', 2803, 29160),
(125, '2023-04-26', 'Credit', 173, 29333),
(125, '2021-04-08', 'Credit', 3815, 33148),
(125, '2020-09-21', 'Debit', 3234, 29914),
(125, '2021-01-17', 'Credit', 4307, 34221),
(125, '2020-01-16', 'Debit', 3275, 30946),
(125, '2020-03-10', 'Debit', 3877, 27069),
(126, '2023-11-11', 'Debit', 3291, 20044),
(126, '2021-05-28', 'Credit', 1978, 22022),
(126, '2023-12-27', 'Debit', 4414, 17608),
(126, '2020-05-24', 'Credit', 4431, 22039),
(126, '2020-06-24', 'Debit', 1796, 20243),
(126, '2020-07-05', 'Credit', 677, 20920),
(126, '2022-03-05', 'Debit', 4221, 16699),
(126, '2022-11-10', 'Debit', 2425, 14274),
(126, '2020-11-28', 'Debit', 853, 13421),
(126, '2020-11-14', 'Debit', 2377, 11044),
(126, '2021-05-19', 'Debit', 2906, 8138),
(127, '2020-07-20', 'Credit', 3293, 8888),
(127, '2021-04-23', 'Debit', 1635, 7253),
(127, '2023-01-12', 'Debit', 3165, 4088),
(127, '2020-11-21', 'Credit', 129, 4217),
(127, '2021-12-08', 'Debit', 2987, 1230),
(127, '2020-06-21', 'Debit', 1230, 0),
(127, '2020-07-26', 'Credit', 3080, 3080),
(127, '2021-05-21', 'Debit', 1485, 1595),
(127, '2023-04-01', 'Credit', 4932, 6527),
(128, '2023-10-22', 'Debit', 2097, 0),
(128, '2020-09-25', 'Debit', 0, 0),
(128, '2021-05-23', 'Credit', 557, 557),
(128, '2021-07-20', 'Debit', 557, 0),
(128, '2020-01-18', 'Debit', 0, 0),
(128, '2020-06-10', 'Debit', 0, 0),
(128, '2022-08-02', 'Debit', 0, 0),
(128, '2021-02-21', 'Credit', 3644, 3644),
(128, '2021-01-25', 'Credit', 1394, 5038),
(128, '2021-02-11', 'Debit', 1036, 4002),
(129, '2022-08-22', 'Credit', 1013, 25932),
(129, '2022-07-17', 'Credit', 2462, 28394),
(129, '2021-05-01', 'Debit', 4791, 23603),
(129, '2020-11-25', 'Debit', 2820, 20783),
(129, '2020-10-14', 'Debit', 1078, 19705),
(129, '2022-01-27', 'Credit', 3370, 23075),
(129, '2022-12-28', 'Debit', 2150, 20925),
(129, '2022-10-26', 'Debit', 3994, 16931),
(129, '2022-12-16', 'Debit', 1439, 15492),
(129, '2021-02-10', 'Credit', 3670, 19162),
(129, '2022-05-21', 'Debit', 4188, 14974),
(129, '2020-07-25', 'Credit', 1221, 16195),
(129, '2020-09-06', 'Credit', 4828, 21023),
(129, '2021-05-18', 'Credit', 4192, 25215),
(129, '2023-02-23', 'Credit', 979, 26194),
(130, '2021-11-20', 'Debit', 2883, 35646),
(130, '2020-10-13', 'Credit', 3031, 38677),
(130, '2020-10-28', 'Credit', 4038, 42715),
(130, '2021-09-16', 'Debit', 4330, 38385),
(130, '2022-09-28', 'Debit', 1245, 37140),
(130, '2023-07-01', 'Credit', 4774, 41914),
(130, '2022-08-18', 'Debit', 2770, 39144),
(130, '2021-10-19', 'Debit', 4629, 34515),
(130, '2023-10-16', 'Debit', 996, 33519),
(130, '2020-08-23', 'Debit', 4295, 29224),
(131, '2022-11-21', 'Credit', 4466, 15601),
(131, '2021-03-10', 'Credit', 2574, 18175),
(131, '2021-03-06', 'Debit', 2087, 16088),
(131, '2021-11-01', 'Debit', 2949, 13139),
(131, '2022-09-20', 'Debit', 4301, 8838),
(131, '2021-12-17', 'Credit', 4499, 13337),
(131, '2022-02-03', 'Credit', 278, 13615),
(131, '2021-03-12', 'Credit', 2603, 16218),
(131, '2023-09-07', 'Credit', 4184, 20402),
(131, '2020-09-17', 'Credit', 2185, 22587),
(131, '2021-02-28', 'Debit', 656, 21931),
(131, '2020-10-28', 'Debit', 4559, 17372),
(131, '2022-06-24', 'Credit', 2161, 19533),
(132, '2021-03-13', 'Credit', 4830, 32056),
(132, '2020-11-27', 'Credit', 3801, 35857),
(132, '2023-03-08', 'Credit', 3065, 38922),
(132, '2022-03-18', 'Debit', 1837, 37085),
(132, '2022-11-21', 'Credit', 4190, 41275),
(132, '2021-03-11', 'Debit', 1394, 39881),
(132, '2021-10-16', 'Debit', 3125, 36756),
(132, '2022-04-01', 'Debit', 4370, 32386),
(132, '2022-08-28', 'Debit', 2658, 29728),
(133, '2022-09-15', 'Credit', 3778, 37880),
(133, '2020-07-21', 'Credit', 3640, 41520),
(133, '2021-05-05', 'Debit', 4933, 36587),
(133, '2023-05-02', 'Credit', 878, 37465),
(133, '2021-09-21', 'Debit', 4911, 32554),
(133, '2022-05-06', 'Credit', 3147, 35701),
(133, '2021-10-28', 'Debit', 2202, 33499),
(133, '2020-02-26', 'Credit', 3560, 37059),
(133, '2020-11-05', 'Credit', 1919, 38978),
(133, '2021-02-06', 'Credit', 2657, 41635),
(133, '2022-07-23', 'Credit', 4152, 45787),
(133, '2022-02-17', 'Credit', 1234, 47021),
(134, '2022-08-28', 'Debit', 4687, 39847),
(134, '2023-04-07', 'Credit', 3715, 43562),
(134, '2021-10-19', 'Debit', 1614, 41948),
(134, '2021-01-25', 'Debit', 554, 41394),
(134, '2020-03-19', 'Debit', 535, 40859),
(134, '2023-02-26', 'Debit', 3753, 37106),
(134, '2023-11-01', 'Credit', 2029, 39135),
(134, '2020-02-19', 'Debit', 4832, 34303),
(134, '2021-08-02', 'Credit', 581, 34884),
(134, '2023-06-15', 'Credit', 3114, 37998),
(134, '2023-03-22', 'Debit', 3938, 34060),
(135, '2021-02-02', 'Credit', 243, 15899),
(135, '2020-01-23', 'Credit', 2857, 18756),
(135, '2020-07-23', 'Credit', 1884, 20640),
(135, '2023-05-21', 'Credit', 3229, 23869),
(135, '2022-11-16', 'Credit', 4878, 28747),
(135, '2021-05-16', 'Credit', 613, 29360),
(135, '2020-04-22', 'Debit', 1296, 28064),
(135, '2023-04-22', 'Credit', 100, 28164),
(135, '2021-11-02', 'Credit', 3597, 31761),
(135, '2020-10-20', 'Debit', 4223, 27538),
(136, '2021-12-15', 'Debit', 2786, 19194),
(136, '2021-09-13', 'Debit', 3506, 15688),
(136, '2020-08-17', 'Credit', 4329, 20017),
(136, '2021-12-24', 'Credit', 2318, 22335),
(136, '2020-10-08', 'Credit', 1369, 23704),
(136, '2020-10-18', 'Debit', 1526, 22178),
(136, '2022-06-14', 'Debit', 1492, 20686),
(136, '2020-05-10', 'Debit', 2836, 17850),
(136, '2021-05-10', 'Credit', 1621, 19471),
(136, '2021-07-09', 'Debit', 2786, 16685),
(136, '2020-03-10', 'Debit', 3019, 13666),
(136, '2021-02-13', 'Debit', 2355, 11311),
(136, '2020-12-08', 'Credit', 4723, 16034),
(137, '2023-07-08', 'Debit', 4115, 3523),
(137, '2022-09-13', 'Credit', 2742, 6265),
(137, '2023-07-22', 'Debit', 1711, 4554),
(137, '2023-01-25', 'Credit', 3373, 7927),
(137, '2023-08-06', 'Credit', 1187, 9114),
(137, '2020-08-11', 'Debit', 1860, 7254),
(137, '2023-06-18', 'Credit', 1721, 8975),
(137, '2020-08-26', 'Debit', 2125, 6850),
(137, '2020-05-01', 'Debit', 4058, 2792),
(137, '2022-03-11', 'Debit', 2792, 0),
(137, '2021-07-15', 'Debit', 0, 0),
(138, '2022-12-19', 'Debit', 1136, 20511),
(138, '2023-10-22', 'Debit', 1198, 19313),
(138, '2022-01-05', 'Credit', 2086, 21399),
(138, '2023-03-15', 'Debit', 2332, 19067),
(138, '2021-09-25', 'Debit', 2737, 16330),
(138, '2020-12-27', 'Credit', 2990, 19320),
(138, '2020-04-02', 'Credit', 725, 20045),
(138, '2022-01-27', 'Debit', 1890, 18155),
(138, '2023-01-20', 'Debit', 2001, 16154),
(138, '2020-12-23', 'Credit', 2440, 18594),
(138, '2022-06-14', 'Debit', 3055, 15539),
(138, '2022-01-19', 'Credit', 4016, 19555),
(139, '2020-10-13', 'Debit', 3071, 22835),
(139, '2020-06-01', 'Debit', 4049, 18786),
(139, '2022-07-18', 'Debit', 1951, 16835),
(139, '2022-10-09', 'Debit', 1686, 15149),
(139, '2023-01-25', 'Credit', 364, 15513),
(139, '2020-10-16', 'Debit', 4067, 11446),
(139, '2021-10-04', 'Credit', 2483, 13929),
(139, '2023-08-28', 'Debit', 4077, 9852),
(139, '2021-08-08', 'Debit', 1327, 8525),
(139, '2023-06-27', 'Credit', 2561, 11086),
(139, '2020-07-11', 'Debit', 4277, 6809),
(139, '2023-06-11', 'Credit', 3010, 9819),
(139, '2022-08-04', 'Debit', 1677, 8142),
(139, '2023-12-21', 'Credit', 2993, 11135),
(139, '2021-09-20', 'Credit', 210, 11345),
(140, '2021-05-06', 'Credit', 4732, 28703),
(140, '2020-03-04', 'Credit', 2228, 30931),
(140, '2023-06-24', 'Credit', 4286, 35217),
(140, '2023-08-18', 'Debit', 971, 34246),
(140, '2020-04-09', 'Credit', 3951, 38197),
(140, '2022-12-10', 'Debit', 3349, 34848),
(140, '2021-10-24', 'Debit', 1814, 33034),
(140, '2021-06-26', 'Credit', 852, 33886),
(141, '2021-09-09', 'Credit', 4486, 53703),
(141, '2022-08-19', 'Debit', 2567, 51136),
(141, '2020-09-09', 'Credit', 370, 51506),
(141, '2021-09-15', 'Credit', 4623, 56129),
(141, '2022-04-08', 'Debit', 4499, 51630),
(141, '2023-04-15', 'Credit', 4265, 55895),
(141, '2021-02-15', 'Debit', 4408, 51487),
(141, '2021-11-08', 'Credit', 4619, 56106),
(141, '2022-09-05', 'Debit', 121, 55985),
(141, '2020-02-01', 'Debit', 1335, 54650),
(142, '2023-04-07', 'Credit', 3260, 45475),
(142, '2020-07-15', 'Credit', 2441, 47916),
(142, '2020-01-06', 'Debit', 1803, 46113),
(142, '2020-10-27', 'Credit', 4291, 50404),
(142, '2021-11-23', 'Credit', 4072, 54476),
(142, '2023-11-05', 'Debit', 2784, 51692),
(142, '2021-06-13', 'Credit', 4671, 56363),
(142, '2021-01-02', 'Credit', 2498, 58861),
(142, '2021-01-02', 'Credit', 2529, 61390),
(142, '2022-02-19', 'Credit', 4886, 66276),
(143, '2022-10-11', 'Credit', 4064, 38297),
(143, '2021-11-19', 'Debit', 411, 37886),
(143, '2020-10-10', 'Debit', 2060, 35826),
(143, '2022-02-23', 'Debit', 2466, 33360),
(143, '2023-02-28', 'Debit', 3565, 29795),
(144, '2023-07-14', 'Debit', 280, 25103),
(144, '2022-02-11', 'Credit', 3771, 28874),
(144, '2021-11-24', 'Credit', 389, 29263),
(144, '2023-12-04', 'Credit', 2509, 31772),
(144, '2021-01-15', 'Debit', 1353, 30419),
(145, '2022-09-05', 'Debit', 1249, 41708),
(145, '2021-01-22', 'Credit', 1236, 42944),
(145, '2020-05-04', 'Debit', 1955, 40989),
(145, '2021-08-07', 'Debit', 3044, 37945),
(145, '2023-06-27', 'Credit', 215, 38160),
(145, '2023-09-21', 'Debit', 2738, 35422),
(146, '2021-09-16', 'Credit', 1287, 9754),
(146, '2022-05-08', 'Debit', 737, 9017),
(146, '2023-12-18', 'Debit', 1664, 7353),
(146, '2020-04-07', 'Credit', 3434, 10787),
(146, '2023-03-23', 'Credit', 1277, 12064),
(146, '2021-02-20', 'Credit', 4974, 17038),
(146, '2022-12-02', 'Debit', 2335, 14703),
(146, '2023-09-24', 'Credit', 3060, 17763),
(146, '2020-07-25', 'Credit', 4116, 21879),
(146, '2023-11-18', 'Credit', 4618, 26497),
(146, '2020-12-11', 'Debit', 3942, 22555),
(146, '2021-06-03', 'Debit', 734, 21821),
(146, '2023-03-19', 'Credit', 3859, 25680),
(146, '2020-04-26', 'Debit', 2214, 23466),
(147, '2020-07-15', 'Debit', 4536, 23840),
(147, '2020-11-13', 'Debit', 1578, 22262),
(147, '2022-04-23', 'Credit', 245, 22507),
(147, '2021-09-09', 'Credit', 3005, 25512),
(147, '2023-11-18', 'Credit', 3045, 28557),
(147, '2021-03-27', 'Credit', 330, 28887),
(147, '2021-11-23', 'Credit', 4990, 33877),
(147, '2021-10-14', 'Credit', 1020, 34897),
(147, '2022-07-10', 'Debit', 2681, 32216),
(148, '2021-11-11', 'Credit', 4302, 18916),
(148, '2021-12-05', 'Credit', 1942, 20858),
(148, '2021-10-02', 'Credit', 923, 21781),
(148, '2020-05-27', 'Debit', 1946, 19835),
(148, '2021-10-15', 'Debit', 1295, 18540),
(148, '2020-06-18', 'Credit', 1664, 20204),
(148, '2022-08-23', 'Credit', 496, 20700),
(148, '2021-12-16', 'Credit', 870, 21570),
(148, '2020-03-18', 'Debit', 2716, 18854),
(148, '2020-04-03', 'Debit', 1034, 17820),
(148, '2020-01-11', 'Debit', 3330, 14490),
(148, '2020-09-26', 'Debit', 1208, 13282),
(148, '2020-09-11', 'Credit', 4531, 17813),
(148, '2020-07-14', 'Debit', 1869, 15944),
(149, '2020-10-11', 'Debit', 2269, 12616),
(149, '2022-12-15', 'Debit', 2209, 10407),
(149, '2020-06-12', 'Credit', 1619, 12026),
(149, '2020-08-18', 'Credit', 3788, 15814),
(149, '2021-09-11', 'Credit', 3919, 19733),
(150, '2023-04-18', 'Debit', 1231, 11597),
(150, '2021-08-26', 'Debit', 4816, 6781),
(150, '2023-06-10', 'Credit', 1436, 8217),
(150, '2023-12-11', 'Credit', 1495, 9712),
(150, '2020-09-08', 'Debit', 4128, 5584),
(150, '2020-07-12', 'Debit', 3457, 2127),
(150, '2020-09-03', 'Debit', 1688, 439),
(150, '2022-01-01', 'Credit', 2355, 2794),
(150, '2023-08-03', 'Credit', 1370, 4164),
(150, '2022-01-11', 'Debit', 544, 3620)

-- Insert Data into Transection
-- Note: Sql Server Cannot Insert More than 1000 rows at a time so we need to split Our Insert Statement
INSERT INTO Transactions (AccountID, TransactionDate, TransactionType, Amount, BalanceAfterTransaction) 
VALUES
(150, '2021-03-14', 'Credit', 1575, 5195),
(151, '2020-05-06', 'Debit', 1453, 31587),
(151, '2021-05-12', 'Credit', 2756, 34343),
(151, '2023-08-26', 'Credit', 445, 34788),
(151, '2022-04-06', 'Debit', 351, 34437),
(151, '2023-02-20', 'Credit', 4689, 39126),
(151, '2023-01-21', 'Debit', 1077, 38049),
(151, '2020-07-10', 'Debit', 1078, 36971),
(151, '2022-11-16', 'Debit', 958, 36013),
(151, '2020-10-17', 'Credit', 1473, 37486),
(151, '2021-03-23', 'Credit', 463, 37949),
(152, '2023-09-11', 'Debit', 4641, 19179),
(152, '2021-01-10', 'Debit', 4422, 14757),
(152, '2022-07-19', 'Credit', 798, 15555),
(152, '2023-07-17', 'Credit', 2601, 18156),
(152, '2022-04-03', 'Credit', 341, 18497),
(152, '2023-06-22', 'Credit', 3243, 21740),
(152, '2022-10-26', 'Credit', 2524, 24264),
(152, '2023-12-08', 'Credit', 1840, 26104),
(152, '2020-01-20', 'Credit', 3033, 29137),
(152, '2023-04-04', 'Credit', 4678, 33815),
(153, '2022-05-19', 'Debit', 1238, 0),
(153, '2023-05-10', 'Debit', 0, 0),
(153, '2022-10-07', 'Credit', 3529, 3529),
(153, '2023-07-23', 'Debit', 2060, 1469),
(153, '2021-07-15', 'Credit', 3895, 5364),
(153, '2021-06-09', 'Debit', 3031, 2333),
(153, '2020-03-28', 'Debit', 1685, 648),
(153, '2020-04-04', 'Credit', 4114, 4762),
(153, '2021-10-14', 'Debit', 374, 4388),
(153, '2022-06-20', 'Credit', 3882, 8270),
(153, '2022-05-08', 'Credit', 208, 8478),
(153, '2021-10-11', 'Debit', 413, 8065),
(153, '2021-06-03', 'Credit', 1696, 9761),
(153, '2023-08-04', 'Credit', 4774, 14535),
(153, '2020-11-26', 'Credit', 2635, 17170),
(154, '2020-01-03', 'Debit', 2538, 18955),
(154, '2020-05-21', 'Debit', 627, 18328),
(154, '2023-05-02', 'Credit', 713, 19041),
(154, '2023-08-18', 'Debit', 2409, 16632),
(154, '2022-07-02', 'Debit', 2428, 14204),
(154, '2020-11-25', 'Credit', 1479, 15683),
(154, '2023-02-18', 'Credit', 1454, 17137),
(154, '2022-11-06', 'Debit', 4284, 12853),
(154, '2023-09-10', 'Debit', 903, 11950),
(154, '2023-11-16', 'Credit', 2132, 14082),
(155, '2020-10-06', 'Debit', 3418, 24161),
(155, '2023-06-22', 'Credit', 1964, 26125),
(155, '2020-07-12', 'Debit', 4956, 21169),
(155, '2022-05-24', 'Credit', 3735, 24904),
(155, '2021-05-22', 'Debit', 1810, 23094),
(156, '2020-06-10', 'Debit', 546, 28354),
(156, '2021-09-28', 'Debit', 4680, 23674),
(156, '2020-06-27', 'Credit', 4916, 28590),
(156, '2023-05-17', 'Debit', 1244, 27346),
(156, '2021-09-16', 'Credit', 1089, 28435),
(156, '2020-10-16', 'Credit', 4648, 33083),
(156, '2020-12-17', 'Credit', 2103, 35186),
(156, '2020-03-10', 'Credit', 1275, 36461),
(156, '2022-01-07', 'Debit', 1114, 35347),
(156, '2020-09-02', 'Credit', 4823, 40170),
(156, '2021-10-24', 'Debit', 1259, 38911),
(156, '2022-08-25', 'Debit', 989, 37922),
(157, '2023-08-11', 'Credit', 701, 2584),
(157, '2021-06-25', 'Debit', 1657, 927),
(157, '2021-03-09', 'Credit', 3312, 4239),
(157, '2020-03-11', 'Debit', 558, 3681),
(157, '2023-02-08', 'Credit', 2074, 5755),
(158, '2022-08-10', 'Debit', 3529, 10617),
(158, '2021-07-19', 'Debit', 2115, 8502),
(158, '2021-05-20', 'Credit', 4971, 13473),
(158, '2020-09-01', 'Debit', 1391, 12082),
(158, '2023-01-01', 'Debit', 2503, 9579),
(158, '2022-06-28', 'Debit', 840, 8739),
(158, '2023-04-18', 'Debit', 3833, 4906),
(159, '2021-03-01', 'Credit', 473, 38396),
(159, '2021-07-01', 'Debit', 4786, 33610),
(159, '2022-07-09', 'Debit', 3125, 30485),
(159, '2023-04-12', 'Debit', 716, 29769),
(159, '2021-02-06', 'Debit', 3686, 26083),
(160, '2022-12-23', 'Debit', 4601, 29474),
(160, '2021-10-26', 'Debit', 1957, 27517),
(160, '2021-01-03', 'Debit', 3828, 23689),
(160, '2022-03-18', 'Debit', 1403, 22286),
(160, '2023-12-09', 'Debit', 229, 22057),
(160, '2022-04-21', 'Debit', 2286, 19771),
(160, '2021-10-13', 'Debit', 1798, 17973),
(160, '2020-02-03', 'Credit', 1773, 19746),
(160, '2021-10-05', 'Credit', 424, 20170),
(160, '2021-04-03', 'Credit', 4304, 24474),
(160, '2020-05-27', 'Credit', 3987, 28461),
(160, '2023-05-12', 'Debit', 2711, 25750),
(160, '2022-05-10', 'Debit', 2172, 23578),
(161, '2023-03-02', 'Credit', 3640, 50591),
(161, '2021-03-14', 'Credit', 2550, 53141),
(161, '2021-10-01', 'Credit', 4290, 57431),
(161, '2021-08-02', 'Debit', 1752, 55679),
(161, '2022-03-17', 'Debit', 3320, 52359),
(161, '2022-04-20', 'Credit', 1433, 53792),
(161, '2020-11-16', 'Debit', 3216, 50576),
(161, '2021-04-18', 'Credit', 268, 50844),
(161, '2022-11-27', 'Debit', 2244, 48600),
(161, '2023-07-06', 'Credit', 1850, 50450),
(162, '2023-05-21', 'Credit', 4484, 25102),
(162, '2020-05-16', 'Debit', 476, 24626),
(162, '2023-05-18', 'Debit', 2546, 22080),
(162, '2023-01-28', 'Credit', 1319, 23399),
(162, '2022-06-03', 'Credit', 2183, 25582),
(162, '2020-09-28', 'Debit', 149, 25433),
(162, '2023-09-25', 'Credit', 1713, 27146),
(162, '2020-11-14', 'Credit', 2463, 29609),
(162, '2022-02-15', 'Credit', 1974, 31583),
(162, '2023-06-20', 'Debit', 1979, 29604),
(162, '2020-07-25', 'Debit', 2146, 27458),
(163, '2021-11-07', 'Credit', 1542, 24919),
(163, '2021-09-09', 'Debit', 4090, 20829),
(163, '2021-12-11', 'Credit', 2675, 23504),
(163, '2020-04-05', 'Debit', 3007, 20497),
(163, '2023-03-14', 'Debit', 2011, 18486),
(163, '2020-07-14', 'Debit', 2728, 15758),
(163, '2021-10-09', 'Credit', 3292, 19050),
(163, '2021-06-20', 'Debit', 956, 18094),
(163, '2022-09-08', 'Debit', 2412, 15682),
(163, '2023-06-14', 'Credit', 3435, 19117),
(163, '2023-09-01', 'Credit', 1088, 20205),
(163, '2020-12-17', 'Credit', 3812, 24017),
(163, '2022-08-22', 'Debit', 2356, 21661),
(163, '2021-04-10', 'Credit', 814, 22475),
(164, '2021-02-23', 'Debit', 1384, 45421),
(164, '2022-06-17', 'Debit', 2755, 42666),
(164, '2020-07-12', 'Debit', 2811, 39855),
(164, '2020-06-17', 'Debit', 1778, 38077),
(164, '2021-02-10', 'Debit', 1356, 36721),
(164, '2023-07-04', 'Credit', 2461, 39182),
(164, '2021-03-09', 'Debit', 506, 38676),
(164, '2021-04-25', 'Credit', 3441, 42117),
(165, '2021-10-19', 'Credit', 986, 50404),
(165, '2023-02-14', 'Credit', 1277, 51681),
(165, '2022-07-01', 'Credit', 2062, 53743),
(165, '2021-03-23', 'Debit', 2049, 51694),
(165, '2021-01-05', 'Credit', 4663, 56357),
(165, '2021-01-01', 'Credit', 4680, 61037),
(165, '2023-03-04', 'Credit', 1096, 62133),
(165, '2020-04-10', 'Debit', 3408, 58725),
(165, '2023-10-08', 'Debit', 1793, 56932),
(166, '2022-11-20', 'Credit', 3454, 48340),
(166, '2020-07-15', 'Debit', 630, 47710),
(166, '2022-01-05', 'Debit', 571, 47139),
(166, '2022-11-24', 'Credit', 3231, 50370),
(166, '2023-01-14', 'Credit', 2157, 52527),
(166, '2023-02-16', 'Debit', 1996, 50531),
(166, '2021-02-03', 'Credit', 4970, 55501),
(166, '2021-08-08', 'Credit', 1778, 57279),
(166, '2021-06-02', 'Credit', 2151, 59430),
(166, '2022-03-21', 'Credit', 2281, 61711),
(167, '2023-01-06', 'Credit', 655, 41266),
(167, '2020-11-21', 'Debit', 4311, 36955),
(167, '2021-08-27', 'Debit', 4727, 32228),
(167, '2020-11-17', 'Debit', 3429, 28799),
(167, '2022-06-08', 'Debit', 777, 28022),
(167, '2020-04-21', 'Debit', 1389, 26633),
(167, '2022-06-03', 'Credit', 247, 26880),
(167, '2021-02-23', 'Credit', 950, 27830),
(167, '2021-05-05', 'Debit', 4948, 22882),
(167, '2022-02-05', 'Credit', 2915, 25797),
(167, '2023-04-02', 'Debit', 1302, 24495),
(167, '2022-10-22', 'Debit', 835, 23660),
(168, '2021-05-21', 'Credit', 1188, 11556),
(168, '2020-09-20', 'Debit', 1854, 9702),
(168, '2023-01-16', 'Debit', 2370, 7332),
(168, '2022-04-04', 'Credit', 1011, 8343),
(168, '2021-06-02', 'Credit', 4439, 12782),
(168, '2023-06-02', 'Debit', 3158, 9624),
(168, '2021-01-26', 'Debit', 4594, 5030),
(168, '2023-06-05', 'Debit', 2330, 2700),
(168, '2020-09-05', 'Debit', 2374, 326),
(168, '2022-02-25', 'Debit', 326, 0),
(168, '2021-01-23', 'Debit', 0, 0),
(169, '2023-06-19', 'Debit', 4171, 6534),
(169, '2022-02-11', 'Credit', 1532, 8066),
(169, '2022-08-03', 'Debit', 4709, 3357),
(169, '2023-01-22', 'Credit', 4429, 7786),
(169, '2022-03-07', 'Credit', 3044, 10830),
(169, '2023-04-05', 'Debit', 3105, 7725),
(169, '2020-11-14', 'Debit', 4068, 3657),
(169, '2021-11-11', 'Credit', 3558, 7215),
(169, '2020-07-01', 'Debit', 1039, 6176),
(169, '2022-11-04', 'Debit', 1339, 4837),
(169, '2020-01-23', 'Debit', 2413, 2424),
(169, '2021-08-08', 'Debit', 2424, 0),
(170, '2021-12-08', 'Credit', 1392, 12617),
(170, '2021-10-16', 'Debit', 545, 12072),
(170, '2021-04-15', 'Credit', 2922, 14994),
(170, '2022-11-18', 'Credit', 3897, 18891),
(170, '2023-03-09', 'Debit', 1841, 17050),
(170, '2023-04-24', 'Debit', 448, 16602),
(170, '2020-04-18', 'Credit', 3230, 19832),
(171, '2022-12-05', 'Debit', 1000, 12133),
(171, '2020-10-26', 'Debit', 4108, 8025),
(171, '2023-06-21', 'Credit', 4432, 12457),
(171, '2020-02-12', 'Debit', 404, 12053),
(171, '2020-01-11', 'Debit', 3580, 8473),
(171, '2021-06-16', 'Debit', 278, 8195),
(171, '2023-12-22', 'Debit', 3172, 5023),
(171, '2022-04-21', 'Credit', 4788, 9811),
(172, '2022-02-10', 'Debit', 4206, 1503),
(172, '2020-05-11', 'Credit', 3114, 4617),
(172, '2020-09-19', 'Debit', 4617, 0),
(172, '2021-08-09', 'Credit', 1386, 1386),
(172, '2022-08-27', 'Debit', 1386, 0),
(172, '2021-05-26', 'Debit', 0, 0),
(172, '2020-06-21', 'Credit', 4962, 4962),
(172, '2022-03-26', 'Debit', 2564, 2398),
(172, '2022-03-23', 'Credit', 4155, 6553),
(173, '2023-03-06', 'Debit', 3407, 0),
(173, '2022-12-25', 'Debit', 0, 0),
(173, '2020-01-05', 'Credit', 2441, 2441),
(173, '2022-09-15', 'Debit', 2441, 0),
(173, '2023-04-22', 'Debit', 0, 0),
(173, '2023-10-15', 'Credit', 1273, 1273),
(173, '2023-12-08', 'Debit', 1273, 0),
(173, '2021-05-11', 'Credit', 2083, 2083),
(173, '2023-10-04', 'Debit', 2083, 0),
(173, '2022-01-14', 'Debit', 0, 0),
(173, '2023-11-22', 'Debit', 0, 0),
(173, '2022-02-20', 'Credit', 2134, 2134),
(173, '2021-05-25', 'Credit', 4956, 7090),
(174, '2020-05-23', 'Debit', 1600, 15117),
(174, '2022-08-19', 'Debit', 4991, 10126),
(174, '2023-05-16', 'Credit', 1188, 11314),
(174, '2021-08-23', 'Debit', 4053, 7261),
(174, '2022-10-09', 'Credit', 3418, 10679),
(174, '2022-08-16', 'Debit', 2042, 8637),
(174, '2020-08-27', 'Credit', 3052, 11689),
(174, '2022-06-25', 'Credit', 3416, 15105),
(174, '2020-08-01', 'Debit', 797, 14308),
(174, '2021-09-25', 'Credit', 1913, 16221),
(174, '2021-02-10', 'Credit', 1582, 17803),
(174, '2023-05-28', 'Debit', 619, 17184),
(174, '2021-06-04', 'Debit', 4457, 12727),
(174, '2023-10-22', 'Debit', 510, 12217),
(174, '2020-02-10', 'Credit', 1809, 14026),
(175, '2022-02-26', 'Credit', 4393, 21626),
(175, '2022-05-02', 'Debit', 605, 21021),
(175, '2023-04-20', 'Debit', 231, 20790),
(175, '2021-05-03', 'Credit', 2337, 23127),
(175, '2021-10-09', 'Debit', 4880, 18247),
(175, '2023-12-14', 'Debit', 4504, 13743),
(175, '2021-07-19', 'Credit', 3129, 16872),
(175, '2022-06-26', 'Debit', 601, 16271),
(175, '2023-09-12', 'Credit', 125, 16396),
(175, '2023-09-10', 'Debit', 1777, 14619),
(175, '2021-02-20', 'Debit', 624, 13995),
(175, '2023-02-27', 'Debit', 4297, 9698),
(175, '2020-07-06', 'Debit', 1991, 7707),
(176, '2021-06-21', 'Debit', 4071, 22026),
(176, '2021-01-03', 'Debit', 3837, 18189),
(176, '2021-09-06', 'Credit', 4636, 22825),
(176, '2023-02-09', 'Debit', 2825, 20000),
(176, '2022-03-23', 'Debit', 1425, 18575),
(176, '2023-12-26', 'Credit', 4844, 23419),
(176, '2020-12-02', 'Debit', 4912, 18507),
(177, '2021-07-06', 'Credit', 2220, 47543),
(177, '2022-04-19', 'Debit', 1452, 46091),
(177, '2023-08-02', 'Credit', 2399, 48490),
(177, '2020-01-14', 'Credit', 254, 48744),
(177, '2020-07-07', 'Debit', 1498, 47246),
(177, '2020-12-04', 'Credit', 4915, 52161),
(177, '2023-04-17', 'Credit', 2748, 54909),
(177, '2022-06-19', 'Debit', 677, 54232),
(177, '2022-02-25', 'Credit', 756, 54988),
(177, '2022-08-16', 'Debit', 1074, 53914),
(177, '2020-06-21', 'Credit', 2285, 56199),
(177, '2021-03-05', 'Debit', 775, 55424),
(178, '2023-12-23', 'Credit', 487, 22802),
(178, '2022-09-23', 'Credit', 2803, 25605),
(178, '2020-08-21', 'Credit', 4254, 29859),
(178, '2023-04-10', 'Debit', 4654, 25205),
(178, '2020-08-06', 'Debit', 4504, 20701),
(178, '2021-03-28', 'Credit', 804, 21505),
(178, '2023-08-04', 'Credit', 1260, 22765),
(179, '2021-12-11', 'Credit', 4666, 31011),
(179, '2023-08-12', 'Debit', 3104, 27907),
(179, '2020-06-11', 'Credit', 3162, 31069),
(179, '2023-11-08', 'Credit', 3789, 34858),
(179, '2020-12-21', 'Debit', 2886, 31972),
(179, '2022-09-15', 'Credit', 2270, 34242),
(179, '2022-07-07', 'Debit', 4188, 30054),
(179, '2021-04-15', 'Debit', 4215, 25839),
(179, '2020-12-13', 'Credit', 1272, 27111),
(180, '2023-04-18', 'Debit', 3883, 40417),
(180, '2022-04-02', 'Debit', 3357, 37060),
(180, '2020-04-26', 'Debit', 1522, 35538),
(180, '2023-10-19', 'Credit', 3018, 38556),
(180, '2022-08-18', 'Credit', 4773, 43329),
(180, '2020-10-27', 'Credit', 1795, 45124),
(180, '2021-12-20', 'Debit', 2027, 43097),
(180, '2020-01-16', 'Credit', 2286, 45383),
(180, '2021-04-26', 'Debit', 2034, 43349),
(180, '2021-09-11', 'Credit', 4230, 47579),
(180, '2020-10-09', 'Debit', 4017, 43562),
(180, '2021-11-06', 'Debit', 2122, 41440),
(180, '2020-04-26', 'Credit', 2570, 44010),
(180, '2021-11-01', 'Credit', 2430, 46440),
(181, '2020-07-16', 'Debit', 4058, 11669),
(181, '2023-01-11', 'Credit', 3391, 15060),
(181, '2022-08-26', 'Credit', 4993, 20053),
(181, '2023-02-27', 'Credit', 3827, 23880),
(181, '2022-07-14', 'Credit', 2102, 25982),
(181, '2021-01-08', 'Credit', 1910, 27892),
(181, '2022-09-08', 'Credit', 3314, 31206),
(181, '2020-10-03', 'Credit', 2272, 33478),
(181, '2023-02-26', 'Debit', 1365, 32113),
(181, '2021-04-10', 'Debit', 791, 31322),
(181, '2020-07-23', 'Credit', 1554, 32876),
(181, '2022-06-02', 'Credit', 2541, 35417),
(181, '2022-11-27', 'Debit', 1032, 34385),
(181, '2021-01-11', 'Credit', 1205, 35590),
(181, '2022-07-16', 'Credit', 798, 36388),
(182, '2021-01-06', 'Debit', 2831, 0),
(182, '2021-10-21', 'Debit', 0, 0),
(182, '2023-08-05', 'Credit', 461, 461),
(182, '2022-12-25', 'Credit', 1410, 1871),
(182, '2023-07-11', 'Debit', 1436, 435),
(182, '2022-05-20', 'Debit', 142, 293),
(182, '2023-04-05', 'Credit', 1464, 1757),
(182, '2021-10-15', 'Credit', 2636, 4393),
(183, '2023-06-09', 'Credit', 1502, 35035),
(183, '2021-01-08', 'Debit', 444, 34591),
(183, '2022-12-13', 'Credit', 1997, 36588),
(183, '2022-11-11', 'Credit', 1183, 37771),
(183, '2021-05-07', 'Debit', 4315, 33456),
(183, '2022-08-25', 'Debit', 1171, 32285),
(183, '2021-11-08', 'Debit', 2695, 29590),
(183, '2022-06-16', 'Credit', 4957, 34547),
(183, '2023-10-11', 'Credit', 4494, 39041),
(183, '2020-07-27', 'Credit', 925, 39966),
(183, '2020-09-10', 'Debit', 2802, 37164),
(183, '2021-01-10', 'Credit', 2045, 39209),
(183, '2022-03-07', 'Credit', 3116, 42325),
(183, '2021-06-11', 'Credit', 4531, 46856),
(183, '2020-03-20', 'Credit', 4077, 50933),
(184, '2021-01-12', 'Debit', 717, 3596),
(184, '2021-08-24', 'Debit', 1763, 1833),
(184, '2020-06-28', 'Credit', 3571, 5404),
(184, '2023-06-14', 'Debit', 2324, 3080),
(184, '2022-01-14', 'Credit', 1589, 4669),
(185, '2022-11-03', 'Credit', 1690, 38827),
(185, '2021-06-19', 'Credit', 1988, 40815),
(185, '2020-05-24', 'Debit', 4025, 36790),
(185, '2022-10-28', 'Debit', 3977, 32813),
(185, '2022-07-12', 'Credit', 2894, 35707),
(185, '2023-07-25', 'Debit', 1302, 34405),
(185, '2023-01-04', 'Credit', 874, 35279),
(185, '2021-06-06', 'Credit', 1025, 36304),
(185, '2022-12-12', 'Credit', 1462, 37766),
(185, '2023-12-24', 'Credit', 2032, 39798),
(185, '2023-01-10', 'Debit', 4622, 35176),
(186, '2020-06-13', 'Credit', 3301, 16443),
(186, '2022-10-28', 'Debit', 2204, 14239),
(186, '2022-03-02', 'Debit', 3118, 11121),
(186, '2020-08-24', 'Debit', 4945, 6176),
(186, '2021-11-11', 'Credit', 2516, 8692),
(186, '2020-02-05', 'Credit', 2361, 11053),
(187, '2023-06-07', 'Credit', 4743, 17803),
(187, '2020-08-25', 'Credit', 4344, 22147),
(187, '2022-05-24', 'Debit', 1763, 20384),
(187, '2022-08-06', 'Credit', 4880, 25264),
(187, '2023-05-27', 'Debit', 4402, 20862),
(187, '2021-06-11', 'Credit', 1231, 22093),
(187, '2023-04-02', 'Debit', 2415, 19678),
(187, '2023-10-01', 'Debit', 4454, 15224),
(187, '2020-01-27', 'Debit', 1045, 14179),
(187, '2023-08-01', 'Debit', 1345, 12834),
(187, '2021-02-14', 'Credit', 4058, 16892),
(187, '2020-08-19', 'Credit', 938, 17830),
(187, '2021-07-02', 'Debit', 3221, 14609),
(188, '2021-04-21', 'Credit', 4957, 24217),
(188, '2021-12-25', 'Credit', 1921, 26138),
(188, '2022-07-14', 'Debit', 2216, 23922),
(188, '2021-08-22', 'Debit', 2137, 21785),
(188, '2023-05-17', 'Debit', 4108, 17677),
(188, '2023-06-20', 'Credit', 1440, 19117),
(189, '2022-03-22', 'Debit', 3164, 28007),
(189, '2022-05-10', 'Credit', 689, 28696),
(189, '2021-06-19', 'Credit', 3616, 32312),
(189, '2023-07-16', 'Debit', 2364, 29948),
(189, '2021-08-07', 'Credit', 1822, 31770),
(189, '2021-09-22', 'Credit', 2537, 34307),
(189, '2021-11-09', 'Debit', 2632, 31675),
(189, '2023-10-05', 'Debit', 4774, 26901),
(189, '2022-07-07', 'Debit', 2091, 24810),
(189, '2020-12-25', 'Credit', 1190, 26000),
(189, '2021-09-19', 'Credit', 445, 26445),
(189, '2020-09-26', 'Debit', 2151, 24294),
(189, '2022-01-01', 'Debit', 3816, 20478),
(190, '2021-04-04', 'Credit', 954, 29276),
(190, '2023-09-04', 'Credit', 2873, 32149),
(190, '2020-05-21', 'Credit', 4052, 36201),
(190, '2020-08-02', 'Credit', 3271, 39472),
(190, '2023-09-19', 'Debit', 4263, 35209),
(190, '2020-07-19', 'Credit', 4607, 39816),
(190, '2020-03-06', 'Debit', 2327, 37489),
(190, '2022-06-10', 'Credit', 3419, 40908),
(190, '2021-03-25', 'Debit', 155, 40753),
(190, '2020-05-17', 'Credit', 1184, 41937),
(190, '2022-06-03', 'Debit', 2334, 39603),
(190, '2023-08-21', 'Credit', 2287, 41890),
(191, '2023-09-23', 'Credit', 3463, 9094),
(191, '2020-06-09', 'Debit', 2056, 7038),
(191, '2021-05-28', 'Credit', 4764, 11802),
(191, '2021-11-18', 'Credit', 3373, 15175),
(191, '2023-04-25', 'Debit', 1288, 13887),
(191, '2020-02-07', 'Credit', 4342, 18229),
(191, '2020-04-25', 'Debit', 1446, 16783),
(191, '2022-02-06', 'Debit', 3082, 13701),
(191, '2023-07-13', 'Credit', 4416, 18117),
(191, '2021-10-19', 'Credit', 4333, 22450),
(191, '2022-04-12', 'Debit', 1767, 20683),
(191, '2022-12-20', 'Debit', 3206, 17477),
(191, '2022-08-08', 'Credit', 4115, 21592),
(192, '2020-05-09', 'Debit', 3359, 0),
(192, '2023-01-13', 'Credit', 2289, 2289),
(192, '2021-06-15', 'Credit', 3673, 5962),
(192, '2023-07-04', 'Credit', 872, 6834),
(192, '2023-12-21', 'Credit', 4586, 11420),
(192, '2020-01-11', 'Credit', 2909, 14329),
(192, '2021-01-18', 'Credit', 3796, 18125),
(192, '2022-02-02', 'Debit', 2260, 15865),
(193, '2020-02-16', 'Credit', 1619, 31515),
(193, '2021-05-05', 'Debit', 3299, 28216),
(193, '2020-11-19', 'Credit', 2187, 30403),
(193, '2020-05-17', 'Debit', 3802, 26601),
(193, '2022-02-15', 'Credit', 4044, 30645),
(194, '2020-08-20', 'Debit', 1358, 28106),
(194, '2021-03-24', 'Credit', 1617, 29723),
(194, '2021-12-05', 'Debit', 3517, 26206),
(194, '2020-06-21', 'Credit', 4666, 30872),
(194, '2020-08-12', 'Credit', 770, 31642),
(194, '2023-11-09', 'Debit', 2079, 29563),
(194, '2021-06-26', 'Credit', 4294, 33857),
(194, '2022-07-20', 'Credit', 4993, 38850),
(195, '2021-11-09', 'Debit', 1610, 24240),
(195, '2021-06-11', 'Debit', 4876, 19364),
(195, '2021-04-09', 'Debit', 680, 18684),
(195, '2021-05-12', 'Debit', 1989, 16695),
(195, '2020-07-28', 'Credit', 2316, 19011),
(195, '2020-10-02', 'Credit', 360, 19371),
(195, '2022-03-01', 'Debit', 2526, 16845),
(195, '2021-11-16', 'Debit', 685, 16160),
(195, '2021-09-02', 'Debit', 3643, 12517),
(195, '2023-05-08', 'Debit', 4333, 8184),
(195, '2021-06-17', 'Credit', 2846, 11030),
(195, '2022-10-15', 'Debit', 3029, 8001),
(195, '2021-01-10', 'Credit', 1319, 9320),
(195, '2020-03-05', 'Credit', 1498, 10818),
(196, '2021-11-20', 'Credit', 799, 9434),
(196, '2023-02-26', 'Credit', 683, 10117),
(196, '2023-04-28', 'Credit', 4709, 14826),
(196, '2020-01-09', 'Credit', 109, 14935),
(196, '2023-11-12', 'Credit', 2645, 17580),
(196, '2021-10-12', 'Credit', 1598, 19178),
(196, '2023-09-07', 'Credit', 4971, 24149),
(196, '2020-07-20', 'Debit', 733, 23416),
(196, '2021-02-25', 'Credit', 614, 24030),
(196, '2023-08-13', 'Credit', 4327, 28357),
(196, '2023-11-22', 'Debit', 4691, 23666),
(196, '2020-06-25', 'Debit', 3212, 20454),
(197, '2023-01-24', 'Credit', 2290, 21437),
(197, '2023-11-17', 'Debit', 2648, 18789),
(197, '2021-04-12', 'Debit', 1937, 16852),
(197, '2021-01-27', 'Debit', 3676, 13176),
(197, '2022-07-22', 'Debit', 4263, 8913),
(197, '2020-01-24', 'Credit', 4781, 13694),
(197, '2022-08-02', 'Debit', 1999, 11695),
(197, '2022-03-18', 'Credit', 3054, 14749),
(197, '2023-06-02', 'Debit', 3216, 11533),
(198, '2021-10-26', 'Credit', 3572, 40822),
(198, '2023-09-17', 'Debit', 2643, 38179),
(198, '2022-08-25', 'Debit', 313, 37866),
(198, '2021-05-26', 'Credit', 867, 38733),
(198, '2020-05-22', 'Debit', 1703, 37030),
(198, '2021-02-24', 'Credit', 292, 37322),
(198, '2021-12-02', 'Credit', 1497, 38819),
(198, '2023-05-21', 'Credit', 4994, 43813),
(198, '2022-04-04', 'Debit', 3099, 40714),
(199, '2020-08-10', 'Credit', 1495, 20804),
(199, '2021-05-21', 'Debit', 4513, 16291),
(199, '2022-02-12', 'Debit', 3380, 12911),
(199, '2022-09-07', 'Credit', 1299, 14210),
(199, '2020-01-02', 'Credit', 3647, 17857),
(200, '2020-01-18', 'Debit', 4304, 32796),
(200, '2021-06-23', 'Debit', 4292, 28504),
(200, '2021-10-06', 'Debit', 3383, 25121),
(200, '2022-09-06', 'Debit', 3971, 21150),
(200, '2023-07-02', 'Credit', 4379, 25529),
(200, '2020-01-25', 'Debit', 2253, 23276),
(200, '2021-02-16', 'Debit', 4576, 18700),
(200, '2020-03-03', 'Debit', 3591, 15109),
(200, '2023-09-09', 'Credit', 4418, 19527),
(200, '2022-05-03', 'Credit', 3100, 22627),
(200, '2023-09-17', 'Credit', 2589, 25216),
(200, '2021-05-27', 'Debit', 3821, 21395),
(200, '2023-11-25', 'Debit', 2867, 18528),
(200, '2023-09-09', 'Debit', 1151, 17377);

-- Insert Into Employees Table
INSERT INTO Employees(FullName, Role) 
VALUES
('John Smith', 'Manager'),
('Jane Johnson', 'Teller'),
('Robert Brown', 'Clerk'),
('Emily Taylor', 'Loan Officer'),
('Michael Anderson', 'Accountant'),
('Sophia Thomas', 'Customer Service Representative'),
('Liam Jackson', 'Teller'),
('Olivia White', 'Manager'),
('Noah Harris', 'Clerk'),
('Ava Martin', 'Accountant');

--============================================================================================
--============================================================================================
-- Now We need to Extract Data Through Queries


-- Retrieve all accounts linked to a specific customer:
SELECT *
FROM Customer
WHERE CustomerID = 10

-- Retrieve all transactions with customer details:
SELECT T.*,
       c.FirstName,
       c.LastName
FROM Transactions T
INNER JOIN ACCOUNT A ON T.AccountID = A.AccountID
INNER JOIN Customer C ON C.CustomerID = A.CustomerID
WHERE C.CustomerID = 11
ORDER BY TransactionDate ASC

-- Profitability Analysis: Calculate total net profit per account:
SELECT t.AccountID,
       c.firstname,
       c.lastname,
       sum(CASE
               WHEN t.TransactionType = 'credit' THEN Amount
               ELSE 0
           END)- sum(CASE
                         WHEN t.TransactionType = 'debit' THEN Amount
                         ELSE 0
                     END) AS NetProfit
FROM Transactions T
JOIN ACCOUNT A ON t.AccountID = a.AccountID
JOIN Customer C ON a.CustomerID = c.CustomerID
GROUP BY t.AccountID,
         c.firstname,
         c.lastname
ORDER BY t.AccountID

-- Monthly Transaction Summary
SELECT top (5) t.AccountID,
       c.firstname,
       c.lastname,
       count(t.TransactionID) AS TotalTrans
FROM Transactions T
JOIN ACCOUNT A ON t.AccountID = a.AccountID
JOIN Customer C ON a.CustomerID = c.CustomerID
GROUP BY t.AccountID,
         c.firstname,
         c.lastname
ORDER BY TotalTrans DESC



-- Top 5 Most Active Customers
SELECT top (5) t.AccountID,
       c.firstname,
       c.lastname,
       count(t.TransactionID) AS TotalTrans
FROM Transactions T
JOIN ACCOUNT A ON t.AccountID = a.AccountID
JOIN Customer C ON a.CustomerID = c.CustomerID
GROUP BY t.AccountID,
         c.firstname,
         c.lastname
ORDER BY TotalTrans DESC

--Find the total balance for each account type using a Common Table Expression (CTE)
WITH TBalnce AS
  (SELECT Accounttype,
          sum(Balance) AS TotalBalance
   FROM ACCOUNT
   GROUP BY Accounttype)
SELECT *
FROM TBalnce

--Identify inactive or closed accounts using a Subquery
SELECT *
FROM ACCOUNT
WHERE status IN ('inctive','Closed')
  AND AccountID NOT IN
    (SELECT DISTINCT AccountID
     FROM Transactions
     WHERE TransactionType = 'Credit')

--Create a Stored Procedure to get all transactions for a specific AccountID:

CREATE PROCEDURE GetTransactionsByAccount
    @AccountID INT
AS
BEGIN
    SELECT TransactionID, TransactionDate, TransactionType, Amount, BalanceAfterTransaction
    FROM Transactions	
    WHERE AccountID = @AccountID
    ORDER BY TransactionDate DESC;
END;

exec GetTransactionsByAccount @AccountID = 2

--Calculate the rank of accounts by balance using a Window Function

SELECT *,
       rank() over(ORDER BY balance ASC) AS Rankbybalnce
FROM ACCOUNT

--Get the average transaction amount per customer using a CTE and JOIN

WITH Avg_Cus_Transaction AS
  (SELECT C.CustomerID,
          c.FirstName,
          c.LastName,
          t.Amount
   FROM Transactions T
   JOIN ACCOUNT A ON T.AccountID = A.AccountID
   JOIN Customer C ON A.CustomerID = C.CustomerID)
SELECT CustomerID,
       FirstName,
       AVG(Amount) AS AvgsalesbyCus
FROM Avg_Cus_Transaction
GROUP BY CustomerID,
         FirstName

--Find the customer accounts with the highest balances using a Subquery
SELECT top (1) CustomerID,
       Balance
FROM ACCOUNT
WHERE CustomerID IN
    (SELECT CustomerID
     FROM Customer)
ORDER BY Balance DESC

--Calculate the cumulative sum of transactions for each account using a Window Function:
SELECT AccountID,
       transactiondate,
       TransactionType,
       amount,
       sum(Amount) over(PARTITION BY accountId ORDER BY transactionid DESC) AS SumAccountTransection
FROM Transactions;

--Create a Stored Procedure to update account status based on balance:
CREATE PROCEDURE Accnt_Update AS 
BEGIN
UPDATE ACCOUNT
SET 
	Status = CASE
                 WHEN Balance < 0 THEN 'OverDrawn'
                 WHEN Balance = 0 THEN 'InActive'
                 ELSE 'Active'
             END 
END;

-- To Call Procedure
exec Accnt_Update

--Find the top 5 customers with the highest total transaction amounts using a subquery.

SELECT TOP 5 firstname, TotalTransactionAmount
FROM (
    SELECT c.firstname, SUM(t.Amount) AS TotalTransactionAmount
    FROM Customer c
    INNER JOIN Account a ON c.CustomerID = a.CustomerID
    INNER JOIN Transactions t ON a.AccountID = t.AccountID
    GROUP BY c.firstname
) AS Subquery
ORDER BY TotalTransactionAmount DESC;


--Retrieve the count of transactions per month for each account using a CTE
WITH Transection_per_Month AS

  (SELECT AccountID,
          FORMAT(TransactionDate, 'yyy-MM') AS ByMonth,
          count(TransactionID) AS TotalTransaction
   FROM Transactions
   GROUP BY AccountID,
            FORMAT(TransactionDate, 'yyy-MM'))
SELECT *
FROM Transection_per_Month
ORDER BY AccountID,ByMonth

/*Create a trigger to automatically update the Balance in the Account table whenever a transaction is 
inserted into the Transaction table*/

CREATE TRIGGER UpdateAccountBalance
ON Transactions
AFTER INSERT
AS
BEGIN
    UPDATE Account
    SET Balance = Balance + i.Amount
    FROM Account a
    INNER JOIN inserted i ON a.AccountID = i.AccountID
    WHERE i.TransactionType = 'Credit';

    UPDATE Account
    SET Balance = Balance - i.Amount
    FROM Account a
    INNER JOIN inserted i ON a.AccountID = i.AccountID
    WHERE i.TransactionType = 'Debit';
END;

-- Reality Check
insert into Transactions
values (200, GETDATE(),'credit',5000,34128)


